game_id,home_team,away_team,goalie_name,opening_line,goalieTeam
11864,TB,NSH,Juuse Saros,30.5,NSH
11864,TB,NSH,Jonas Johansson,26.5,TB
11865,PIT,CHI,Tristan Jarry,25.5,PIT
11865,PIT,CHI,Petr Mrazek,31.5,CHI
11866,VGK,SEA,Philipp Grubauer,26.5,SEA
11866,VGK,SEA,Adin Hill,26.5,VGK
11867,TOR,MTL,Ilya Samsonov,25.5,TOR
11867,TOR,MTL,Jake Allen,30.5,MTL
11868,CAR,OTT,Frederik Andersen,25.5,CAR
11868,CAR,OTT,Joonas Korpisalo,31.5,OTT
11869,BOS,CHI,Arvid Soderblom,30.5,CHI
11869,BOS,CHI,Linus Ullmark,25.5,BOS
11870,LA,COL,Cam Talbot,27.5,LA
11870,LA,COL,Alexandar Georgiev,27.5,COL
11871,VAN,EDM,Thatcher Demko,28.5,VAN
11871,VAN,EDM,Jack Campbell,26.5,EDM
11872,CGY,WPG,Connor Hellebuyck,29.5,WPG
11872,CGY,WPG,Jacob Markstrom,26.5,CGY
11873,CBJ,PHI,Carter Hart,27.5,PHI
11873,CBJ,PHI,Elvis Merzlikins,28.5,CBJ
11874,BUF,NYR,Devon Levi,27.5,BUF
11874,BUF,NYR,Igor Shesterkin,28.5,NYR
11875,NJ,DET,Vitek Vanecek,25.5,NJ
11875,NJ,DET,Ville Husso,28.5,DET
11876,DAL,STL,Jordan Binnington,28.5,STL
11876,DAL,STL,Jake Oettinger,25.5,DAL
11877,MIN,FLA,Filip Gustavsson,28.5,MIN
11877,MIN,FLA,Sergei Bobrovsky,27.5,FLA
11878,NSH,SEA,Philipp Grubauer,25.5,SEA
11878,NSH,SEA,Juuse Saros,27.5,NSH
11879,SJ,VGK,Kaapo Kahkonen,28.5,SJ
11879,SJ,VGK,Logan Thompson,26.5,VGK
11880,NJ,ARI,Akira Schmid,24.5,NJ
11880,NJ,ARI,Karel Vejmelka,29.5,ARI
11881,WSH,PIT,Charlie Lindgren,28.5,WSH
11881,WSH,PIT,Tristan Jarry,27.5,PIT
11882,OTT,PHI,Carter Hart,29.5,PHI
11883,WPG,FLA,Sergei Bobrovsky,29.5,FLA
11884,DET,TB,Jonas Johansson,26.5,TB
11884,DET,TB,Ville Husso,26.5,DET
11885,PIT,CGY,Jacob Markstrom,27.5,CGY
11885,PIT,CGY,Alex Nedeljkovic,28.5,PIT
11886,MTL,CHI,Sam Montembeault,27.5,MTL
11886,MTL,CHI,Petr Mrazek,29.5,CHI
11887,BOS,NSH,Jeremy Swayman,25.5,BOS
11887,BOS,NSH,Juuse Saros,28.5,NSH
11888,TOR,MIN,Ilya Samsonov,25.5,TOR
11888,TOR,MIN,Filip Gustavsson,30.5,MIN
11889,CBJ,NYR,Igor Shesterkin,27.5,NYR
11889,CBJ,NYR,Elvis Merzlikins,28.5,CBJ
11890,NYI,BUF,Ilya Sorokin,27.5,NYI
11890,NYI,BUF,Devon Levi,28.5,BUF
11891,STL,SEA,Jordan Binnington,27.5,STL
11891,STL,SEA,Joey Daccord,25.5,SEA
11892,SJ,COL,Alexandar Georgiev,24.5,COL
11892,SJ,COL,Mackenzie Blackwood,29.5,SJ
11893,EDM,VAN,Stuart Skinner,26.5,EDM
11893,EDM,VAN,Casey DeSmith,29.5,VAN
11894,VGK,ANA,Adin Hill,24.5,VGK
11894,VGK,ANA,John Gibson,31.5,ANA
11895,LA,CAR,Pheonix Copley,28.5,LA
11895,LA,CAR,Frederik Andersen,26.5,CAR
11896,OTT,TB,Joonas Korpisalo,27.5,OTT
11896,OTT,TB,Matt Tomkins,29.5,TB
11897,ANA,CAR,Antti Raanta,22.5,CAR
11897,ANA,CAR,Lukas Dostal,32.5,ANA
11898,CBJ,DET,James Reimer,27.5,DET
11898,CBJ,DET,Spencer Martin,28.5,CBJ
11899,TOR,CHI,Arvid Soderblom,31.5,CHI
11899,TOR,CHI,Joseph Woll,25.5,TOR
11900,NYR,ARI,Connor Ingram,29.5,ARI
11900,NYR,ARI,Igor Shesterkin,24.5,NYR
11901,WSH,CGY,Darcy Kuemper,29.5,WSH
11902,NJ,FLA,Vitek Vanecek,27.5,NJ
11902,NJ,FLA,Sergei Bobrovsky,28.5,FLA
11903,MTL,MIN,Marc-Andre Fleury,27.5,MIN
11903,MTL,MIN,Sam Montembeault,27.5,MTL
11904,PHI,VAN,Thatcher Demko,27.5,VAN
11904,PHI,VAN,Carter Hart,25.5,PHI
11905,NYI,ARI,Karel Vejmelka,28.5,ARI
11905,NYI,ARI,Ilya Sorokin,25.5,NYI
11906,BUF,TB,Devon Levi,26.5,BUF
11906,BUF,TB,Jonas Johansson,28.5,TB
11907,WPG,LA,Connor Hellebuyck,26.5,WPG
11907,WPG,LA,Cam Talbot,27.5,LA
11908,NSH,EDM,Jack Campbell,26.5,EDM
11908,NSH,EDM,Juuse Saros,29.5,NSH
11909,SEA,COL,Alexandar Georgiev,26.5,COL
11909,SEA,COL,Philipp Grubauer,28.5,SEA
11910,VGK,DAL,Jake Oettinger,25.5,DAL
11910,VGK,DAL,Adin Hill,27.5,VGK
11911,SJ,CAR,Mackenzie Blackwood,30.5,SJ
11911,SJ,CAR,Frederik Andersen,22.5,CAR
11912,OTT,WSH,Anton Forsberg,25.5,OTT
11912,OTT,WSH,Darcy Kuemper,30.5,WSH
11913,DET,PIT,Ville Husso,27.5,DET
11913,DET,PIT,Tristan Jarry,27.5,PIT
11914,NYR,NSH,Juuse Saros,27.5,NSH
11914,NYR,NSH,Igor Shesterkin,25.5,NYR
11915,FLA,TOR,Sergei Bobrovsky,28.5,FLA
11915,FLA,TOR,Ilya Samsonov,27.5,TOR
11916,BUF,CGY,Devon Levi,28.5,BUF
11916,BUF,CGY,Dan Vladar,25.5,CGY
11917,TB,VAN,Jonas Johansson,25.5,TB
11917,TB,VAN,Thatcher Demko,28.5,VAN
11918,PHI,EDM,Carter Hart,27.5,PHI
11918,PHI,EDM,Jack Campbell,27.5,EDM
11919,WPG,VGK,Logan Thompson,28.5,VGK
11919,WPG,VGK,Laurent Brossoit,25.5,WPG
11920,STL,ARI,Connor Ingram,28.5,ARI
11920,STL,ARI,Joel Hofer,25.5,STL
11921,MIN,LA,Marc-Andre Fleury,27.5,MIN
11921,MIN,LA,Cam Talbot,25.5,LA
11922,SEA,CAR,Joey Daccord,27.5,SEA
11922,SEA,CAR,Antti Raanta,24.5,CAR
11923,ANA,DAL,Jake Oettinger,23.5,DAL
11923,ANA,DAL,John Gibson,31.5,ANA
11924,SJ,BOS,Linus Ullmark,25.5,BOS
11924,SJ,BOS,Kaapo Kahkonen,29.5,SJ
11925,COL,CHI,Petr Mrazek,31.5,CHI
11925,COL,CHI,Alexandar Georgiev,25.5,COL
11927,NYI,NJ,Ilya Sorokin,27.5,NYI
11927,NYI,NJ,Akira Schmid,27.5,NJ
11928,OTT,DET,Joonas Korpisalo,26.5,OTT
11928,OTT,DET,Ville Husso,28.5,DET
11929,ARI,ANA,Karel Vejmelka,26.5,ARI
11930,BUF,NYI,Eric Comrie,27.5,BUF
11930,BUF,NYI,Semyon Varlamov,28.5,NYI
11931,FLA,VAN,Casey DeSmith,28.5,VAN
11931,FLA,VAN,Sergei Bobrovsky,25.5,FLA
11932,MTL,WSH,Darcy Kuemper,27.5,WSH
11932,MTL,WSH,Jake Allen,26.5,MTL
11933,TB,TOR,Ilya Samsonov,26.5,TOR
11933,TB,TOR,Jonas Johansson,29.5,TB
11934,NSH,SJ,Mackenzie Blackwood,28.5,SJ
11934,NSH,SJ,Juuse Saros,24.5,NSH
11935,CHI,VGK,Arvid Soderblom,27.5,CHI
11935,CHI,VGK,Adin Hill,26.5,VGK
11936,MIN,CBJ,Filip Gustavsson,26.5,MIN
11936,MIN,CBJ,Elvis Merzlikins,29.5,CBJ
11937,DAL,PHI,Samuel Ersson,28.5,PHI
11937,DAL,PHI,Scott Wedgewood,25.5,DAL
11938,STL,PIT,Tristan Jarry,25.5,PIT
11938,STL,PIT,Jordan Binnington,29.5,STL
11939,COL,CAR,Alexandar Georgiev,28.5,COL
11940,EDM,WPG,Connor Hellebuyck,27.5,WPG
11940,EDM,WPG,Stuart Skinner,26.5,EDM
11941,SEA,NYR,Jonathan Quick,26.5,NYR
11941,SEA,NYR,Philipp Grubauer,25.5,SEA
11942,LA,BOS,Cam Talbot,26.5,LA
11942,LA,BOS,Jeremy Swayman,28.5,BOS
11943,DET,CGY,James Reimer,29.5,DET
11944,ANA,BOS,John Gibson,31.5,ANA
11944,ANA,BOS,Linus Ullmark,25.5,BOS
11945,BUF,MTL,Jake Allen,29.5,MTL
11945,BUF,MTL,Eric Comrie,26.5,BUF
11946,WSH,TOR,Joseph Woll,26.5,TOR
11946,WSH,TOR,Darcy Kuemper,29.5,WSH
11947,CBJ,ANA,Elvis Merzlikins,26.5,CBJ
11947,CBJ,ANA,Lukas Dostal,30.5,ANA
11948,OTT,BUF,Anton Forsberg,27.5,OTT
11948,OTT,BUF,Ukko-Pekka Luukkonen,29.5,BUF
11949,TB,CAR,Jonas Johansson,30.5,TB
11950,MTL,NJ,Cayden Primeau,28.5,MTL
11951,PIT,DAL,Jake Oettinger,28.5,DAL
11951,PIT,DAL,Alex Nedeljkovic,28.5,PIT
11952,FLA,SJ,Mackenzie Blackwood,30.5,SJ
11952,FLA,SJ,Anthony Stolarz,26.5,FLA
11953,NYI,COL,Ilya Sorokin,28.5,NYI
11953,NYI,COL,Alexandar Georgiev,26.5,COL
11954,DET,SEA,Ville Husso,25.5,DET
11954,DET,SEA,Joey Daccord,26.5,SEA
11955,CHI,BOS,Petr Mrazek,29.5,CHI
11955,CHI,BOS,Jeremy Swayman,26.5,BOS
11956,WPG,STL,Jordan Binnington,28.5,STL
11956,WPG,STL,Connor Hellebuyck,24.5,WPG
11957,MIN,EDM,Jack Campbell,26.5,EDM
11957,MIN,EDM,Filip Gustavsson,28.5,MIN
11958,NSH,VAN,Thatcher Demko,28.5,VAN
11958,NSH,VAN,Juuse Saros,26.5,NSH
11959,CGY,NYR,Jacob Markstrom,25.5,CGY
11959,CGY,NYR,Igor Shesterkin,28.5,NYR
11960,LA,ARI,Connor Ingram,30.5,ARI
11960,LA,ARI,Pheonix Copley,24.5,LA
11961,VGK,PHI,Logan Thompson,27.5,VGK
11962,NJ,WSH,Akira Schmid,25.5,NJ
11962,NJ,WSH,Hunter Shepard,29.5,WSH
11963,TB,SJ,Mackenzie Blackwood,29.5,SJ
11963,TB,SJ,Jonas Johansson,25.5,TB
11964,PIT,COL,Alexandar Georgiev,28.5,COL
11964,PIT,COL,Tristan Jarry,27.5,PIT
11965,MTL,CBJ,Sam Montembeault,28.5,MTL
11965,MTL,CBJ,Elvis Merzlikins,27.5,CBJ
11966,BOS,ANA,John Gibson,31.5,ANA
11966,BOS,ANA,Linus Ullmark,24.5,BOS
11967,DET,WPG,Connor Hellebuyck,26.5,WPG
11967,DET,WPG,James Reimer,27.5,DET
11968,CAR,SEA,Frederik Andersen,24.5,CAR
11968,CAR,SEA,Joey Daccord,28.5,SEA
11969,NYI,OTT,Ilya Sorokin,28.5,NYI
11969,NYI,OTT,Joonas Korpisalo,27.5,OTT
11970,PHI,MIN,Filip Gustavsson,28.5,MIN
11970,PHI,MIN,Carter Hart,25.5,PHI
11971,DAL,TOR,Scott Wedgewood,28.5,DAL
11971,DAL,TOR,Joseph Woll,28.5,TOR
11972,EDM,NYR,Stuart Skinner,25.5,EDM
11973,CGY,STL,Jacob Markstrom,23.5,CGY
11973,CGY,STL,Joel Hofer,30.5,STL
11974,VGK,CHI,Petr Mrazek,29.5,CHI
11975,CAR,SJ,Antti Raanta,22.5,CAR
11975,CAR,SJ,Kaapo Kahkonen,31.5,SJ
11976,NJ,BUF,Eric Comrie,28.5,BUF
11976,NJ,BUF,Vitek Vanecek,27.5,NJ
11977,WSH,MIN,Marc-Andre Fleury,27.5,MIN
11977,WSH,MIN,Darcy Kuemper,26.5,WSH
11978,ARI,LA,Karel Vejmelka,27.5,ARI
11978,ARI,LA,Pheonix Copley,24.5,LA
11979,VAN,STL,Thatcher Demko,25.5,VAN
11979,VAN,STL,Jordan Binnington,27.5,STL
11980,PHI,ANA,Samuel Ersson,25.5,PHI
11980,PHI,ANA,Lukas Dostal,30.5,ANA
11981,FLA,SEA,Sergei Bobrovsky,26.5,FLA
11982,BOS,DET,Ville Husso,27.5,DET
11982,BOS,DET,Jeremy Swayman,26.5,BOS
11983,MTL,WPG,Jake Allen,29.5,MTL
11983,MTL,WPG,Laurent Brossoit,25.5,WPG
11984,PIT,OTT,Joonas Korpisalo,29.5,OTT
11984,PIT,OTT,Tristan Jarry,27.5,PIT
11985,NSH,TOR,Ilya Samsonov,26.5,TOR
11985,NSH,TOR,Juuse Saros,28.5,NSH
11986,CBJ,NYI,Semyon Varlamov,27.5,NYI
11987,VAN,NYR,Igor Shesterkin,25.5,NYR
11987,VAN,NYR,Casey DeSmith,27.5,VAN
11988,LA,VGK,Logan Thompson,29.5,VGK
11988,LA,VGK,Cam Talbot,24.5,LA
11989,BUF,COL,Ukko-Pekka Luukkonen,30.5,BUF
11989,BUF,COL,Alexandar Georgiev,26.5,COL
11990,WSH,SJ,Darcy Kuemper,25.5,WSH
11990,WSH,SJ,Mackenzie Blackwood,29.5,SJ
11991,NJ,MIN,Marc-Andre Fleury,28.5,MIN
11992,EDM,CGY,Stuart Skinner,27.5,EDM
11993,TB,SEA,Philipp Grubauer,26.5,SEA
11993,TB,SEA,Jonas Johansson,27.5,TB
11994,PHI,CAR,Carter Hart,28.5,PHI
11994,PHI,CAR,Frederik Andersen,25.5,CAR
11995,PIT,ANA,Tristan Jarry,24.5,PIT
11995,PIT,ANA,John Gibson,32.5,ANA
11996,BOS,FLA,Linus Ullmark,27.5,BOS
11997,NYI,DET,Ilya Sorokin,27.5,NYI
11997,NYI,DET,Ville Husso,27.5,DET
11998,WPG,NYR,Igor Shesterkin,27.5,NYR
11998,WPG,NYR,Connor Hellebuyck,25.5,WPG
11999,DAL,CBJ,Jake Oettinger,26.5,DAL
11999,DAL,CBJ,Elvis Merzlikins,29.5,CBJ
12000,ARI,CHI,Connor Ingram,26.5,ARI
12000,ARI,CHI,Arvid Soderblom,27.5,CHI
12001,VGK,MTL,Adin Hill,25.5,VGK
12001,VGK,MTL,Sam Montembeault,29.5,MTL
12002,TOR,LA,Cam Talbot,27.5,LA
12002,TOR,LA,Joseph Woll,27.5,TOR
12003,VAN,NSH,Kevin Lankinen,27.5,NSH
12003,VAN,NSH,Thatcher Demko,26.5,VAN
12004,PHI,BUF,Ukko-Pekka Luukkonen,28.5,BUF
12004,PHI,BUF,Carter Hart,26.5,PHI
12005,CGY,DAL,Jake Oettinger,28.5,DAL
12005,CGY,DAL,Jacob Markstrom,26.5,CGY
12006,COL,STL,Ivan Prosvetov,25.5,COL
12006,COL,STL,Jordan Binnington,30.5,STL
12007,ANA,ARI,Lukas Dostal,27.5,ANA
12007,ANA,ARI,Karel Vejmelka,26.5,ARI
12008,DET,FLA,Sergei Bobrovsky,26.5,FLA
12008,DET,FLA,James Reimer,27.5,DET
12009,NYR,CAR,Frederik Andersen,24.5,CAR
12009,NYR,CAR,Igor Shesterkin,28.5,NYR
12010,OTT,LA,Joonas Korpisalo,27.5,OTT
12010,OTT,LA,Cam Talbot,27.5,LA
12011,WSH,NYI,Darcy Kuemper,27.5,WSH
12011,WSH,NYI,Semyon Varlamov,27.5,NYI
12012,CBJ,TB,Matt Tomkins,27.5,TB
12012,CBJ,TB,Elvis Merzlikins,27.5,CBJ
12013,BOS,TOR,Ilya Samsonov,26.5,TOR
12013,BOS,TOR,Jeremy Swayman,28.5,BOS
12014,MIN,NJ,Vitek Vanecek,26.5,NJ
12014,MIN,NJ,Filip Gustavsson,28.5,MIN
12015,EDM,DAL,Stuart Skinner,26.5,EDM
12015,EDM,DAL,Scott Wedgewood,28.5,DAL
12016,ARI,MTL,Jake Allen,27.5,MTL
12016,ARI,MTL,Connor Ingram,27.5,ARI
12017,VGK,WPG,Logan Thompson,28.5,VGK
12017,VGK,WPG,Connor Hellebuyck,26.5,WPG
12018,SEA,NSH,Juuse Saros,27.5,NSH
12018,SEA,NSH,Philipp Grubauer,25.5,SEA
12019,SJ,VAN,Kaapo Kahkonen,28.5,SJ
12019,SJ,VAN,Thatcher Demko,26.5,VAN
12020,BUF,PHI,Samuel Ersson,26.5,PHI
12020,BUF,PHI,Ukko-Pekka Luukkonen,28.5,BUF
12021,STL,NJ,Jordan Binnington,28.5,STL
12023,ARI,WPG,Karel Vejmelka,28.5,ARI
12024,WSH,CBJ,Charlie Lindgren,27.5,WSH
12024,WSH,CBJ,Elvis Merzlikins,28.5,CBJ
12025,TOR,BUF,Devon Levi,29.5,BUF
12025,TOR,BUF,Joseph Woll,26.5,TOR
12026,PHI,LA,Cam Talbot,26.5,LA
12026,PHI,LA,Cal Petersen,26.5,PHI
12027,STL,MTL,Joel Hofer,27.5,STL
12027,STL,MTL,Sam Montembeault,27.5,MTL
12028,OTT,TB,Joonas Korpisalo,27.5,OTT
12029,DET,BOS,Ville Husso,27.5,DET
12029,DET,BOS,Linus Ullmark,27.5,BOS
12030,NYI,CAR,Ilya Sorokin,30.5,NYI
12030,NYI,CAR,Antti Raanta,25.5,CAR
12031,CHI,FLA,Anthony Stolarz,27.5,FLA
12031,CHI,FLA,Petr Mrazek,29.5,CHI
12032,MIN,NYR,Filip Gustavsson,27.5,MIN
12032,MIN,NYR,Jonathan Quick,26.5,NYR
12033,VGK,COL,Alexandar Georgiev,25.5,COL
12033,VGK,COL,Adin Hill,28.5,VGK
12034,SJ,PIT,Tristan Jarry,24.5,PIT
12034,SJ,PIT,Mackenzie Blackwood,31.5,SJ
12035,SEA,CGY,Philipp Grubauer,28.5,SEA
12036,VAN,DAL,Thatcher Demko,27.5,VAN
12037,CHI,NJ,Arvid Soderblom,28.5,CHI
12037,CHI,NJ,Vitek Vanecek,25.5,NJ
12038,ANA,VGK,Logan Thompson,26.5,VGK
12039,FLA,CBJ,Elvis Merzlikins,28.5,CBJ
12039,FLA,CBJ,Sergei Bobrovsky,26.5,FLA
12040,TOR,TB,Jonas Johansson,29.5,TB
12040,TOR,TB,Ilya Samsonov,26.5,TOR
12041,DAL,BOS,Jake Oettinger,26.5,DAL
12041,DAL,BOS,Jeremy Swayman,27.5,BOS
12042,VAN,EDM,Thatcher Demko,28.5,VAN
12042,VAN,EDM,Stuart Skinner,26.5,EDM
12043,CAR,BUF,Antti Raanta,23.5,CAR
12043,CAR,BUF,Ukko-Pekka Luukkonen,31.5,BUF
12045,NYI,MIN,Marc-Andre Fleury,27.5,MIN
12045,NYI,MIN,Semyon Varlamov,27.5,NYI
12046,NYR,DET,Ville Husso,26.5,DET
12046,NYR,DET,Jonathan Quick,26.5,NYR
12047,STL,WPG,Jordan Binnington,28.5,STL
12047,STL,WPG,Connor Hellebuyck,25.5,WPG
12048,ARI,SEA,Joey Daccord,26.5,SEA
12048,ARI,SEA,Connor Ingram,27.5,ARI
12049,CGY,NSH,Juuse Saros,28.5,NSH
12049,CGY,NSH,Jacob Markstrom,25.5,CGY
12050,COL,NJ,Vitek Vanecek,28.5,NJ
12050,COL,NJ,Alexandar Georgiev,26.5,COL
12051,ANA,PIT,Tristan Jarry,24.5,PIT
12051,ANA,PIT,John Gibson,30.5,ANA
12052,SJ,PHI,Samuel Ersson,24.5,PHI
12052,SJ,PHI,Mackenzie Blackwood,28.5,SJ
12053,TOR,OTT,Joseph Woll,27.5,TOR
12054,WSH,FLA,Sergei Bobrovsky,26.5,FLA
12054,WSH,FLA,Darcy Kuemper,28.5,WSH
12055,VGK,LA,Adin Hill,27.5,VGK
12055,VGK,LA,Cam Talbot,25.5,LA
12056,BOS,NYI,Linus Ullmark,27.5,BOS
12056,BOS,NYI,Ilya Sorokin,29.5,NYI
12057,DET,MTL,James Reimer,26.5,DET
12057,DET,MTL,Cayden Primeau,28.5,MTL
12058,OTT,VAN,Casey DeSmith,28.5,VAN
12058,OTT,VAN,Anton Forsberg,26.5,OTT
12059,TB,CHI,Jonas Johansson,25.5,TB
12059,TB,CHI,Petr Mrazek,30.5,CHI
12060,NYR,MIN,Louis Domingue,27.5,NYR
12060,NYR,MIN,Marc-Andre Fleury,26.5,MIN
12061,CBJ,DAL,Jake Oettinger,27.5,DAL
12061,CBJ,DAL,Spencer Martin,27.5,CBJ
12062,WPG,NSH,Laurent Brossoit,25.5,WPG
12063,STL,ARI,Joel Hofer,27.5,STL
12063,STL,ARI,Karel Vejmelka,26.5,ARI
12064,COL,SEA,Philipp Grubauer,28.5,SEA
12064,COL,SEA,Ivan Prosvetov,25.5,COL
12065,SJ,EDM,Stuart Skinner,25.5,EDM
12065,SJ,EDM,Mackenzie Blackwood,30.5,SJ
12066,LA,PIT,Magnus Hellberg,27.5,PIT
12066,LA,PIT,Pheonix Copley,26.5,LA
12067,FLA,CAR,Antti Raanta,26.5,CAR
12067,FLA,CAR,Sergei Bobrovsky,28.5,FLA
12068,NJ,WSH,Charlie Lindgren,28.5,WSH
12068,NJ,WSH,Vitek Vanecek,25.5,NJ
12069,BUF,MIN,Filip Gustavsson,28.5,MIN
12069,BUF,MIN,Devon Levi,26.5,BUF
12070,TOR,CGY,Joseph Woll,28.5,TOR
12070,TOR,CGY,Dan Vladar,26.5,CGY
12071,VGK,SJ,Kaapo Kahkonen,29.5,SJ
12071,VGK,SJ,Adin Hill,24.5,VGK
12072,ANA,PHI,Samuel Ersson,24.5,PHI
12072,ANA,PHI,Lukas Dostal,29.5,ANA
12073,DET,CBJ,Spencer Martin,27.5,CBJ
12073,DET,CBJ,Ville Husso,27.5,DET
12074,WPG,DAL,Scott Wedgewood,28.5,DAL
12075,TB,CAR,Pyotr Kochetkov,25.5,CAR
12076,TOR,VAN,Ilya Samsonov,25.5,TOR
12076,TOR,VAN,Thatcher Demko,29.5,VAN
12077,OTT,CGY,Dustin Wolf,27.5,CGY
12077,OTT,CGY,Joonas Korpisalo,28.5,OTT
12078,MTL,BOS,Jeremy Swayman,27.5,BOS
12078,MTL,BOS,Sam Montembeault,28.5,MTL
12079,NYI,WSH,Semyon Varlamov,27.5,NYI
12079,NYI,WSH,Hunter Shepard,27.5,WSH
12080,PIT,BUF,Tristan Jarry,25.5,PIT
12080,PIT,BUF,Ukko-Pekka Luukkonen,29.5,BUF
12081,NSH,ARI,Connor Ingram,27.5,ARI
12081,NSH,ARI,Juuse Saros,26.5,NSH
12082,COL,STL,Alexandar Georgiev,24.5,COL
12082,COL,STL,Jordan Binnington,29.5,STL
12083,SEA,EDM,Philipp Grubauer,28.5,SEA
12083,SEA,EDM,Stuart Skinner,25.5,EDM
12084,LA,PHI,Cam Talbot,25.5,LA
12085,FLA,CHI,Arvid Soderblom,30.5,CHI
12085,FLA,CHI,Sergei Bobrovsky,23.5,FLA
12086,MIN,DAL,Marc-Andre Fleury,26.5,MIN
12086,MIN,DAL,Jake Oettinger,27.5,DAL
12087,MTL,VAN,Casey DeSmith,27.5,VAN
12087,MTL,VAN,Jake Allen,27.5,MTL
12088,NYR,CBJ,Elvis Merzlikins,26.5,CBJ
12088,NYR,CBJ,Jonathan Quick,26.5,NYR
12089,ANA,SJ,Mackenzie Blackwood,28.5,SJ
12090,EDM,NYI,Stuart Skinner,25.5,EDM
12090,EDM,NYI,Ilya Sorokin,30.5,NYI
12091,SEA,COL,Joey Daccord,27.5,SEA
12091,SEA,COL,Alexandar Georgiev,25.5,COL
12092,CBJ,PIT,Tristan Jarry,26.5,PIT
12092,CBJ,PIT,Elvis Merzlikins,29.5,CBJ
12093,BUF,BOS,Linus Ullmark,27.5,BOS
12093,BUF,BOS,Devon Levi,27.5,BUF
12094,MTL,CGY,Jacob Markstrom,25.5,CGY
12094,MTL,CGY,Sam Montembeault,28.5,MTL
12095,WSH,VGK,Charlie Lindgren,27.5,WSH
12095,WSH,VGK,Logan Thompson,26.5,VGK
12096,NSH,ANA,Juuse Saros,25.5,NSH
12096,NSH,ANA,John Gibson,28.5,ANA
12097,DAL,ARI,Karel Vejmelka,28.5,ARI
12097,DAL,ARI,Jake Oettinger,25.5,DAL
12098,WPG,NJ,Connor Hellebuyck,25.5,WPG
12098,WPG,NJ,Akira Schmid,28.5,NJ
12099,STL,TB,Jonas Johansson,27.5,TB
12099,STL,TB,Jordan Binnington,27.5,STL
12100,SJ,FLA,Anthony Stolarz,25.5,FLA
12100,SJ,FLA,Mackenzie Blackwood,31.5,SJ
12101,CAR,PHI,Pyotr Kochetkov,24.5,CAR
12101,CAR,PHI,Carter Hart,29.5,PHI
12102,EDM,SEA,Joey Daccord,29.5,SEA
12102,EDM,SEA,Stuart Skinner,24.5,EDM
12103,COL,ANA,Alexandar Georgiev,24.5,COL
12103,COL,ANA,Lukas Dostal,31.5,ANA
12104,VAN,NYI,Thatcher Demko,27.5,VAN
12104,VAN,NYI,Ilya Sorokin,28.5,NYI
12105,OTT,DET,James Reimer,28.5,DET
12105,OTT,DET,Joonas Korpisalo,27.5,OTT
12106,PIT,NJ,Vitek Vanecek,28.5,NJ
12106,PIT,NJ,Tristan Jarry,26.5,PIT
12107,MTL,VGK,Adin Hill,26.5,VGK
12107,MTL,VGK,Cayden Primeau,27.5,MTL
12108,CBJ,ARI,Connor Ingram,28.5,ARI
12108,CBJ,ARI,Elvis Merzlikins,26.5,CBJ
12109,CHI,TB,Petr Mrazek,29.5,CHI
12109,CHI,TB,Jonas Johansson,25.5,TB
12110,CGY,VAN,Jacob Markstrom,25.5,CGY
12110,CGY,VAN,Casey DeSmith,28.5,VAN
12111,SEA,NYI,Semyon Varlamov,27.5,NYI
12112,SJ,STL,Joel Hofer,26.5,STL
12112,SJ,STL,Kaapo Kahkonen,28.5,SJ
12113,LA,FLA,Cam Talbot,26.5,LA
12113,LA,FLA,Sergei Bobrovsky,27.5,FLA
12114,DET,TOR,Ilya Samsonov,26.5,TOR
12114,DET,TOR,Alex Lyon,28.5,DET
12115,WPG,BUF,Eric Comrie,29.5,BUF
12115,WPG,BUF,Connor Hellebuyck,25.5,WPG
12116,ANA,FLA,John Gibson,29.5,ANA
12116,ANA,FLA,Anthony Stolarz,25.5,FLA
12117,OTT,MIN,Anton Forsberg,26.5,OTT
12117,OTT,MIN,Filip Gustavsson,29.5,MIN
12118,PHI,VGK,Logan Thompson,27.5,VGK
12118,PHI,VGK,Carter Hart,26.5,PHI
12119,NSH,CHI,Arvid Soderblom,28.5,CHI
12120,TB,EDM,Stuart Skinner,26.5,EDM
12121,CAR,PIT,Antti Raanta,25.5,CAR
12121,CAR,PIT,Tristan Jarry,29.5,PIT
12122,NJ,NYR,Igor Shesterkin,26.5,NYR
12123,BOS,MTL,Jake Allen,29.5,MTL
12124,CGY,NYI,Ilya Sorokin,29.5,NYI
12125,WPG,ARI,Laurent Brossoit,24.5,WPG
12125,WPG,ARI,Karel Vejmelka,28.5,ARI
12126,WSH,CBJ,Elvis Merzlikins,27.5,CBJ
12126,WSH,CBJ,Charlie Lindgren,27.5,WSH
12127,DAL,COL,Jake Oettinger,27.5,DAL
12127,DAL,COL,Alexandar Georgiev,26.5,COL
12128,VAN,SEA,Philipp Grubauer,25.5,SEA
12128,VAN,SEA,Thatcher Demko,26.5,VAN
12129,LA,STL,Jordan Binnington,29.5,STL
12129,LA,STL,Cam Talbot,25.5,LA
12131,PHI,CBJ,Samuel Ersson,26.5,PHI
12131,PHI,CBJ,Spencer Martin,27.5,CBJ
12132,PIT,VGK,Alex Nedeljkovic,27.5,PIT
12132,PIT,VGK,Adin Hill,28.5,VGK
12133,CHI,BUF,Petr Mrazek,28.5,CHI
12134,ANA,STL,Joel Hofer,27.5,STL
12135,FLA,EDM,Sergei Bobrovsky,27.5,FLA
12135,FLA,EDM,Calvin Pickard,27.5,EDM
12137,DAL,NYR,Scott Wedgewood,26.5,DAL
12137,DAL,NYR,Igor Shesterkin,27.5,NYR
12138,NSH,COL,Alexandar Georgiev,25.5,COL
12138,NSH,COL,Juuse Saros,28.5,NSH
12139,ARI,LA,Connor Ingram,29.5,ARI
12139,ARI,LA,Pheonix Copley,23.5,LA
12140,SEA,CGY,Dan Vladar,24.5,CGY
12140,SEA,CGY,Philipp Grubauer,27.5,SEA
12141,VAN,SJ,Mackenzie Blackwood,29.5,SJ
12141,VAN,SJ,Thatcher Demko,24.5,VAN
12142,DET,NJ,Alex Lyon,27.5,DET
12142,DET,NJ,Vitek Vanecek,26.5,NJ
12143,FLA,BOS,Linus Ullmark,29.5,BOS
12143,FLA,BOS,Sergei Bobrovsky,25.5,FLA
12144,TB,WPG,Connor Hellebuyck,26.5,WPG
12144,TB,WPG,Jonas Johansson,27.5,TB
12145,CAR,EDM,Stuart Skinner,28.5,EDM
12145,CAR,EDM,Antti Raanta,26.5,CAR
12146,PIT,NYR,Tristan Jarry,25.5,PIT
12146,PIT,NYR,Jonathan Quick,28.5,NYR
12147,WSH,BUF,Darcy Kuemper,26.5,WSH
12147,WSH,BUF,Devon Levi,26.5,BUF
12148,CBJ,CHI,Petr Mrazek,29.5,CHI
12148,CBJ,CHI,Elvis Merzlikins,25.5,CBJ
12149,NYI,PHI,Ilya Sorokin,28.5,NYI
12149,NYI,PHI,Carter Hart,27.5,PHI
12150,NSH,CGY,Jacob Markstrom,25.5,CGY
12150,NSH,CGY,Juuse Saros,27.5,NSH
12151,ARI,STL,Karel Vejmelka,27.5,ARI
12151,ARI,STL,Jordan Binnington,26.5,STL
12152,DAL,VGK,Jake Oettinger,27.5,DAL
12153,COL,VAN,Alexandar Georgiev,24.5,COL
12154,ANA,MTL,John Gibson,27.5,ANA
12154,ANA,MTL,Sam Montembeault,27.5,MTL
12155,SEA,SJ,Joey Daccord,23.5,SEA
12155,SEA,SJ,Kaapo Kahkonen,29.5,SJ
12156,PHI,NYR,Igor Shesterkin,27.5,NYR
12156,PHI,NYR,Carter Hart,25.5,PHI
12157,BOS,DET,Jeremy Swayman,26.5,BOS
12158,CHI,TOR,Arvid Soderblom,29.5,CHI
12158,CHI,TOR,Ilya Samsonov,24.5,TOR
12159,NJ,CBJ,Elvis Merzlikins,28.5,CBJ
12160,WSH,EDM,Stuart Skinner,25.5,EDM
12160,WSH,EDM,Charlie Lindgren,28.5,WSH
12162,ANA,LA,Cam Talbot,25.5,LA
12162,ANA,LA,John Gibson,28.5,ANA
12163,SJ,MTL,Mackenzie Blackwood,28.5,SJ
12163,SJ,MTL,Cayden Primeau,26.5,MTL
12164,BUF,PIT,Alex Nedeljkovic,28.5,PIT
12164,BUF,PIT,Ukko-Pekka Luukkonen,27.5,BUF
12165,OTT,NYI,Semyon Varlamov,28.5,NYI
12165,OTT,NYI,Anton Forsberg,26.5,OTT
12166,FLA,WPG,Connor Hellebuyck,27.5,WPG
12166,FLA,WPG,Sergei Bobrovsky,25.5,FLA
12167,CAR,TB,Antti Raanta,24.5,CAR
12167,CAR,TB,Andrei Vasilevskiy,29.5,TB
12168,MIN,COL,Alexandar Georgiev,26.5,COL
12168,MIN,COL,Filip Gustavsson,28.5,MIN
12169,DAL,CGY,Jake Oettinger,27.5,DAL
12169,DAL,CGY,Jacob Markstrom,27.5,CGY
12170,SEA,VAN,Joey Daccord,25.5,SEA
12170,SEA,VAN,Thatcher Demko,26.5,VAN
12171,NYR,BOS,Linus Ullmark,28.5,BOS
12171,NYR,BOS,Jonathan Quick,26.5,NYR
12172,LA,MTL,Jake Allen,30.5,MTL
12173,PIT,TOR,Joseph Woll,28.5,TOR
12173,PIT,TOR,Tristan Jarry,27.5,PIT
12174,NJ,BUF,Eric Comrie,28.5,BUF
12174,NJ,BUF,Vitek Vanecek,25.5,NJ
12175,NYI,PHI,Samuel Ersson,26.5,PHI
12175,NYI,PHI,Ilya Sorokin,28.5,NYI
12177,SJ,VAN,Kaapo Kahkonen,29.5,SJ
12177,SJ,VAN,Casey DeSmith,25.5,VAN
12178,VGK,ARI,Logan Thompson,25.5,VGK
12178,VGK,ARI,Connor Ingram,29.5,ARI
12179,DET,MIN,Alex Lyon,26.5,DET
12179,DET,MIN,Filip Gustavsson,27.5,MIN
12180,CHI,STL,Jordan Binnington,26.5,STL
12180,CHI,STL,Arvid Soderblom,27.5,CHI
12181,CAR,CBJ,Elvis Merzlikins,30.5,CBJ
12181,CAR,CBJ,Pyotr Kochetkov,24.5,CAR
12182,NSH,WPG,Juuse Saros,26.5,NSH
12182,NSH,WPG,Laurent Brossoit,26.5,WPG
12183,EDM,ANA,Stuart Skinner,24.5,EDM
12184,CBJ,BOS,Jeremy Swayman,27.5,BOS
12184,CBJ,BOS,Spencer Martin,27.5,CBJ
12185,OTT,FLA,Sergei Bobrovsky,27.5,FLA
12186,NYR,BUF,Igor Shesterkin,25.5,NYR
12186,NYR,BUF,Ukko-Pekka Luukkonen,27.5,BUF
12187,COL,TB,Andrei Vasilevskiy,28.5,TB
12187,COL,TB,Alexandar Georgiev,25.5,COL
12188,CGY,VGK,Adin Hill,28.5,VGK
12188,CGY,VGK,Dan Vladar,25.5,CGY
12189,SJ,WSH,Darcy Kuemper,25.5,WSH
12189,SJ,WSH,Mackenzie Blackwood,27.5,SJ
12190,TOR,FLA,Anthony Stolarz,28.5,FLA
12190,TOR,FLA,Joseph Woll,28.5,TOR
12191,NJ,NYI,Vitek Vanecek,25.5,NJ
12192,PHI,CAR,Pyotr Kochetkov,25.5,CAR
12192,PHI,CAR,Carter Hart,27.5,PHI
12193,NSH,PIT,Tristan Jarry,27.5,PIT
12193,NSH,PIT,Juuse Saros,27.5,NSH
12194,MIN,STL,Jordan Binnington,28.5,STL
12194,MIN,STL,Filip Gustavsson,26.5,MIN
12195,WPG,DAL,Connor Hellebuyck,26.5,WPG
12195,WPG,DAL,Jake Oettinger,26.5,DAL
12196,CHI,SEA,Philipp Grubauer,24.5,SEA
12196,CHI,SEA,Petr Mrazek,27.5,CHI
12197,EDM,VGK,Stuart Skinner,25.5,EDM
12198,ARI,TB,Jonas Johansson,25.5,TB
12198,ARI,TB,Connor Ingram,28.5,ARI
12199,VAN,ANA,Thatcher Demko,25.5,VAN
12200,CBJ,MTL,Elvis Merzlikins,27.5,CBJ
12200,CBJ,MTL,Sam Montembeault,28.5,MTL
12201,NYR,DET,Ville Husso,27.5,DET
12201,NYR,DET,Igor Shesterkin,25.5,NYR
12202,LA,WSH,Charlie Lindgren,28.5,WSH
12202,LA,WSH,Cam Talbot,25.5,LA
12203,DET,CHI,Petr Mrazek,28.5,CHI
12204,TOR,SEA,Philipp Grubauer,26.5,SEA
12204,TOR,SEA,Joseph Woll,26.5,TOR
12205,TB,PIT,Andrei Vasilevskiy,29.5,TB
12205,TB,PIT,Tristan Jarry,27.5,PIT
12206,BOS,SJ,Mackenzie Blackwood,30.5,SJ
12206,BOS,SJ,Jeremy Swayman,24.5,BOS
12207,PHI,NJ,Akira Schmid,27.5,NJ
12207,PHI,NJ,Carter Hart,26.5,PHI
12208,MTL,FLA,Sergei Bobrovsky,25.5,FLA
12208,MTL,FLA,Cayden Primeau,29.5,MTL
12209,CAR,NYI,Semyon Varlamov,29.5,NYI
12209,CAR,NYI,Pyotr Kochetkov,24.5,CAR
12210,WPG,EDM,Stuart Skinner,26.5,EDM
12210,WPG,EDM,Connor Hellebuyck,26.5,WPG
12211,NSH,MIN,Juuse Saros,26.5,NSH
12212,STL,BUF,Ukko-Pekka Luukkonen,27.5,BUF
12212,STL,BUF,Jordan Binnington,27.5,STL
12213,ARI,COL,Alexandar Georgiev,24.5,COL
12213,ARI,COL,Connor Ingram,28.5,ARI
12214,CGY,DAL,Scott Wedgewood,28.5,DAL
12214,CGY,DAL,Jacob Markstrom,26.5,CGY
12215,VAN,VGK,Thatcher Demko,26.5,VAN
12216,ANA,WSH,John Gibson,26.5,ANA
12216,ANA,WSH,Darcy Kuemper,25.5,WSH
12217,NJ,SJ,Kaapo Kahkonen,30.5,SJ
12218,CBJ,OTT,Elvis Merzlikins,28.5,CBJ
12218,CBJ,OTT,Joonas Korpisalo,28.5,OTT
12219,DAL,TB,Jake Oettinger,26.5,DAL
12220,WPG,CHI,Arvid Soderblom,28.5,CHI
12220,WPG,CHI,Connor Hellebuyck,24.5,WPG
12221,NSH,NYR,Igor Shesterkin,26.5,NYR
12221,NSH,NYR,Kevin Lankinen,25.5,NSH
12222,FLA,NYI,Ilya Sorokin,31.5,NYI
12222,FLA,NYI,Anthony Stolarz,26.5,FLA
12223,MTL,DET,Jake Allen,28.5,MTL
12223,MTL,DET,Ville Husso,26.5,DET
12224,TOR,BOS,Linus Ullmark,28.5,BOS
12224,TOR,BOS,Joseph Woll,27.5,TOR
12226,CAR,BUF,Pyotr Kochetkov,23.5,CAR
12226,CAR,BUF,Eric Comrie,30.5,BUF
12227,PIT,PHI,Samuel Ersson,26.5,PHI
12227,PIT,PHI,Tristan Jarry,27.5,PIT
12228,ARI,STL,Joel Hofer,26.5,STL
12228,ARI,STL,Connor Ingram,27.5,ARI
12229,VGK,WSH,Darcy Kuemper,26.5,WSH
12229,VGK,WSH,Logan Thompson,25.5,VGK
12230,ANA,COL,Ivan Prosvetov,26.5,COL
12230,ANA,COL,John Gibson,27.5,ANA
12231,CGY,VAN,Jacob Markstrom,24.5,CGY
12232,MIN,CHI,Marc-Andre Fleury,24.5,MIN
12232,MIN,CHI,Petr Mrazek,28.5,CHI
12233,NYR,SJ,Mackenzie Blackwood,29.5,SJ
12233,NYR,SJ,Jonathan Quick,23.5,NYR
12234,BUF,NSH,Juuse Saros,27.5,NSH
12234,BUF,NSH,Ukko-Pekka Luukkonen,26.5,BUF
12235,BOS,CBJ,Spencer Martin,28.5,CBJ
12235,BOS,CBJ,Jeremy Swayman,25.5,BOS
12236,LA,COL,Cam Talbot,26.5,LA
12236,LA,COL,Alexandar Georgiev,27.5,COL
12237,TB,DAL,Andrei Vasilevskiy,26.5,TB
12237,TB,DAL,Jake Oettinger,27.5,DAL
12238,PHI,PIT,Alex Nedeljkovic,30.5,PIT
12238,PHI,PIT,Carter Hart,27.5,PHI
12239,MTL,SEA,Sam Montembeault,27.5,MTL
12239,MTL,SEA,Philipp Grubauer,25.5,SEA
12240,WPG,CAR,Laurent Brossoit,27.5,WPG
12240,WPG,CAR,Antti Raanta,24.5,CAR
12241,ARI,WSH,Connor Ingram,26.5,ARI
12241,ARI,WSH,Darcy Kuemper,25.5,WSH
12242,VGK,STL,Logan Thompson,25.5,VGK
12242,VGK,STL,Jordan Binnington,29.5,STL
12243,CBJ,LA,Elvis Merzlikins,29.5,CBJ
12243,CBJ,LA,Pheonix Copley,24.5,LA
12244,OTT,NYR,Anton Forsberg,25.5,OTT
12244,OTT,NYR,Igor Shesterkin,28.5,NYR
12245,NYI,SJ,Kaapo Kahkonen,30.5,SJ
12251,FLA,DAL,Sergei Bobrovsky,24.5,FLA
12251,FLA,DAL,Jake Oettinger,28.5,DAL
12252,TB,PIT,Tristan Jarry,28.5,PIT
12252,TB,PIT,Andrei Vasilevskiy,26.5,TB
12253,STL,VGK,Jordan Binnington,28.5,STL
12254,EDM,CAR,Stuart Skinner,27.5,EDM
12255,BOS,BUF,Devon Levi,28.5,BUF
12255,BOS,BUF,Linus Ullmark,27.5,BOS
12256,DET,SJ,Mackenzie Blackwood,30.5,SJ
12256,DET,SJ,Ville Husso,25.5,DET
12257,OTT,TOR,Anton Forsberg,26.5,OTT
12257,OTT,TOR,Joseph Woll,29.5,TOR
12258,MTL,LA,Cam Talbot,24.5,LA
12258,MTL,LA,Sam Montembeault,28.5,MTL
12259,NYI,CBJ,Semyon Varlamov,27.5,NYI
12259,NYI,CBJ,Spencer Martin,27.5,CBJ
12260,NSH,TB,Jonas Johansson,26.5,TB
12260,NSH,TB,Juuse Saros,26.5,NSH
12261,WSH,DAL,Scott Wedgewood,26.5,DAL
12261,WSH,DAL,Charlie Lindgren,27.5,WSH
12262,CHI,ANA,Lukas Dostal,25.5,ANA
12262,CHI,ANA,Petr Mrazek,27.5,CHI
12263,ARI,PHI,Carter Hart,24.5,PHI
12263,ARI,PHI,Connor Ingram,28.5,ARI
12264,COL,WPG,Connor Hellebuyck,26.5,WPG
12264,COL,WPG,Alexandar Georgiev,26.5,COL
12265,CGY,CAR,Pyotr Kochetkov,24.5,CAR
12265,CGY,CAR,Dustin Wolf,28.5,CGY
12266,VAN,MIN,Filip Gustavsson,25.5,MIN
12266,VAN,MIN,Casey DeSmith,27.5,VAN
12267,SEA,NJ,Philipp Grubauer,27.5,SEA
12267,SEA,NJ,Akira Schmid,27.5,NJ
12268,FLA,PIT,Sergei Bobrovsky,26.5,FLA
12268,FLA,PIT,Tristan Jarry,30.5,PIT
12269,CBJ,STL,Jet Greaves,27.5,CBJ
12269,CBJ,STL,Joel Hofer,27.5,STL
12270,EDM,MIN,Marc-Andre Fleury,27.5,MIN
12270,EDM,MIN,Stuart Skinner,25.5,EDM
12271,BOS,ARI,Linus Ullmark,24.5,BOS
12271,BOS,ARI,Connor Ingram,29.5,ARI
12272,DAL,VGK,Jake Oettinger,27.5,DAL
12274,DET,OTT,Alex Lyon,28.5,DET
12274,DET,OTT,Joonas Korpisalo,28.5,OTT
12275,WSH,NYR,Igor Shesterkin,26.5,NYR
12275,WSH,NYR,Charlie Lindgren,27.5,WSH
12276,TOR,NSH,Kevin Lankinen,28.5,NSH
12276,TOR,NSH,Ilya Samsonov,27.5,TOR
12277,BUF,MTL,Cayden Primeau,28.5,MTL
12277,BUF,MTL,Devon Levi,25.5,BUF
12278,NYI,LA,Cam Talbot,25.5,LA
12278,NYI,LA,Ilya Sorokin,30.5,NYI
12279,CHI,STL,Petr Mrazek,28.5,CHI
12279,CHI,STL,Jordan Binnington,25.5,STL
12280,COL,PHI,Ivan Prosvetov,27.5,COL
12280,COL,PHI,Carter Hart,26.5,PHI
12281,VAN,CAR,Antti Raanta,24.5,CAR
12281,VAN,CAR,Thatcher Demko,28.5,VAN
12282,SEA,TB,Philipp Grubauer,25.5,SEA
12282,SEA,TB,Andrei Vasilevskiy,25.5,TB
12283,CBJ,FLA,Jet Greaves,30.5,CBJ
12283,CBJ,FLA,Anthony Stolarz,26.5,FLA
12285,MTL,NSH,Jake Allen,28.5,MTL
12286,CHI,WSH,Darcy Kuemper,25.5,WSH
12286,CHI,WSH,Arvid Soderblom,26.5,CHI
12287,NYR,LA,Jonathan Quick,26.5,NYR
12289,SEA,MIN,Filip Gustavsson,26.5,MIN
12290,VGK,SJ,Kaapo Kahkonen,31.5,SJ
12291,BUF,ARI,Karel Vejmelka,28.5,ARI
12291,BUF,ARI,Devon Levi,25.5,BUF
12292,NYI,TOR,Ilya Sorokin,30.5,NYI
12292,NYI,TOR,Ilya Samsonov,26.5,TOR
12293,DAL,DET,James Reimer,27.5,DET
12293,DAL,DET,Jake Oettinger,25.5,DAL
12294,COL,CGY,Dan Vladar,26.5,CGY
12294,COL,CGY,Alexandar Georgiev,26.5,COL
12295,PIT,ARI,Connor Ingram,28.5,ARI
12295,PIT,ARI,Tristan Jarry,25.5,PIT
12296,OTT,CAR,Pyotr Kochetkov,25.5,CAR
12296,OTT,CAR,Joonas Korpisalo,29.5,OTT
12297,NYR,TOR,Martin Jones,26.5,TOR
12297,NYR,TOR,Igor Shesterkin,28.5,NYR
12298,NSH,PHI,Samuel Ersson,25.5,PHI
12298,NSH,PHI,Juuse Saros,27.5,NSH
12299,STL,DET,Jordan Binnington,27.5,STL
12299,STL,DET,Ville Husso,27.5,DET
12300,EDM,CHI,Stuart Skinner,23.5,EDM
12300,EDM,CHI,Petr Mrazek,30.5,CHI
12301,VGK,CGY,Logan Thompson,25.5,VGK
12301,VGK,CGY,Dustin Wolf,27.5,CGY
12302,VAN,TB,Thatcher Demko,26.5,VAN
12302,VAN,TB,Andrei Vasilevskiy,25.5,TB
12303,SEA,FLA,Sergei Bobrovsky,26.5,FLA
12303,SEA,FLA,Joey Daccord,27.5,SEA
12304,SJ,WPG,Mackenzie Blackwood,28.5,SJ
12304,SJ,WPG,Laurent Brossoit,25.5,WPG
12305,NJ,BOS,Vitek Vanecek,26.5,NJ
12305,NJ,BOS,Jeremy Swayman,28.5,BOS
12306,MTL,PIT,Sam Montembeault,28.5,MTL
12306,MTL,PIT,Alex Nedeljkovic,28.5,PIT
12307,NYI,ANA,Semyon Varlamov,27.5,NYI
12307,NYI,ANA,John Gibson,27.5,ANA
12308,COL,BUF,Ivan Prosvetov,27.5,COL
12308,COL,BUF,Ukko-Pekka Luukkonen,27.5,BUF
12309,LA,WPG,Connor Hellebuyck,28.5,WPG
12309,LA,WPG,Cam Talbot,24.5,LA
12310,TOR,CBJ,Ilya Samsonov,25.5,TOR
12310,TOR,CBJ,Elvis Merzlikins,29.5,CBJ
12311,PHI,WSH,Charlie Lindgren,29.5,WSH
12311,PHI,WSH,Samuel Ersson,23.5,PHI
12312,DET,CAR,Pyotr Kochetkov,24.5,CAR
12312,DET,CAR,Ville Husso,28.5,DET
12313,MIN,CGY,Filip Gustavsson,26.5,MIN
12314,STL,OTT,Joonas Korpisalo,27.5,OTT
12314,STL,OTT,Jordan Binnington,29.5,STL
12315,EDM,TB,Stuart Skinner,25.5,EDM
12316,VAN,FLA,Sergei Bobrovsky,25.5,FLA
12317,SEA,CHI,Arvid Soderblom,28.5,CHI
12317,SEA,CHI,Joey Daccord,23.5,SEA
12318,NYR,ANA,Jonathan Quick,24.5,NYR
12318,NYR,ANA,Lukas Dostal,29.5,ANA
12319,CAR,NSH,Kevin Lankinen,29.5,NSH
12319,CAR,NSH,Antti Raanta,23.5,CAR
12320,NYI,BOS,Linus Ullmark,28.5,BOS
12320,NYI,BOS,Ilya Sorokin,29.5,NYI
12321,DAL,OTT,Jake Oettinger,27.5,DAL
12322,ARI,SJ,Kaapo Kahkonen,28.5,SJ
12322,ARI,SJ,Connor Ingram,26.5,ARI
12323,VGK,BUF,Devon Levi,27.5,BUF
12323,VGK,BUF,Logan Thompson,25.5,VGK
12324,MIN,VAN,Filip Gustavsson,24.5,MIN
12324,MIN,VAN,Casey DeSmith,27.5,VAN
12325,MTL,NYI,Sam Montembeault,27.5,MTL
12325,MTL,NYI,Semyon Varlamov,29.5,NYI
12326,WPG,COL,Connor Hellebuyck,26.5,WPG
12326,WPG,COL,Ivan Prosvetov,26.5,COL
12327,PHI,DET,Samuel Ersson,24.5,PHI
12327,PHI,DET,Alex Lyon,28.5,DET
12328,TOR,PIT,Martin Jones,27.5,TOR
12328,TOR,PIT,Tristan Jarry,29.5,PIT
12329,CBJ,NJ,Daniil Tarasov,29.5,CBJ
12330,BOS,NYR,Igor Shesterkin,27.5,NYR
12330,BOS,NYR,Jeremy Swayman,26.5,BOS
12331,NSH,WSH,Juuse Saros,26.5,NSH
12331,NSH,WSH,Charlie Lindgren,27.5,WSH
12332,STL,DAL,Jordan Binnington,28.5,STL
12332,STL,DAL,Scott Wedgewood,28.5,DAL
12333,ARI,BUF,Karel Vejmelka,27.5,ARI
12333,ARI,BUF,Ukko-Pekka Luukkonen,26.5,BUF
12334,SEA,LA,Joey Daccord,27.5,SEA
12334,SEA,LA,Cam Talbot,25.5,LA
12335,CGY,TB,Andrei Vasilevskiy,27.5,TB
12335,CGY,TB,Dan Vladar,25.5,CGY
12336,EDM,FLA,Sergei Bobrovsky,27.5,FLA
12336,EDM,FLA,Calvin Pickard,27.5,EDM
12337,CHI,VAN,Petr Mrazek,27.5,CHI
12338,CAR,WSH,Pyotr Kochetkov,23.5,CAR
12341,COL,SJ,Mackenzie Blackwood,30.5,SJ
12342,DET,ANA,Ville Husso,26.5,DET
12343,PIT,MIN,Alex Nedeljkovic,28.5,PIT
12343,PIT,MIN,Filip Gustavsson,28.5,MIN
12344,WPG,MTL,Connor Hellebuyck,26.5,WPG
12344,WPG,MTL,Jake Allen,28.5,MTL
12345,DAL,SEA,Scott Wedgewood,26.5,DAL
12346,CGY,FLA,Jacob Markstrom,27.5,CGY
12346,CGY,FLA,Anthony Stolarz,26.5,FLA
12347,CAR,VGK,Logan Thompson,27.5,VGK
12347,CAR,VGK,Pyotr Kochetkov,25.5,CAR
12348,NJ,PHI,Samuel Ersson,26.5,PHI
12348,NJ,PHI,Vitek Vanecek,26.5,NJ
12349,BUF,CBJ,Devon Levi,25.5,BUF
12349,BUF,CBJ,Daniil Tarasov,29.5,CBJ
12350,TB,STL,Andrei Vasilevskiy,26.5,TB
12350,TB,STL,Jordan Binnington,28.5,STL
12351,BOS,MIN,Marc-Andre Fleury,27.5,MIN
12352,TOR,NYR,Igor Shesterkin,28.5,NYR
12352,TOR,NYR,Martin Jones,27.5,TOR
12353,NYI,EDM,Ilya Sorokin,31.5,NYI
12353,NYI,EDM,Stuart Skinner,25.5,EDM
12354,NSH,VAN,Casey DeSmith,27.5,VAN
12354,NSH,VAN,Juuse Saros,25.5,NSH
12355,CHI,COL,Petr Mrazek,28.5,CHI
12355,CHI,COL,Alexandar Georgiev,25.5,COL
12356,ARI,OTT,Connor Ingram,28.5,ARI
12357,SJ,LA,Kaapo Kahkonen,30.5,SJ
12357,SJ,LA,David Rittich,24.5,LA
12358,WSH,NYI,Darcy Kuemper,26.5,WSH
12358,WSH,NYI,Semyon Varlamov,27.5,NYI
12359,WPG,DET,James Reimer,27.5,DET
12359,WPG,DET,Laurent Brossoit,25.5,WPG
12360,LA,SEA,Cam Talbot,24.5,LA
12361,CBJ,WSH,Elvis Merzlikins,27.5,CBJ
12361,CBJ,WSH,Charlie Lindgren,27.5,WSH
12362,TB,VGK,Jiri Patera,27.5,VGK
12362,TB,VGK,Andrei Vasilevskiy,27.5,TB
12363,PHI,NSH,Samuel Ersson,24.5,PHI
12363,PHI,NSH,Juuse Saros,28.5,NSH
12364,BUF,TOR,Ilya Samsonov,28.5,TOR
12364,BUF,TOR,Devon Levi,27.5,BUF
12365,FLA,STL,Joel Hofer,29.5,STL
12365,FLA,STL,Sergei Bobrovsky,25.5,FLA
12366,PIT,CAR,Alex Nedeljkovic,30.5,PIT
12366,PIT,CAR,Pyotr Kochetkov,25.5,CAR
12367,NJ,EDM,Calvin Pickard,26.5,EDM
12367,NJ,EDM,Akira Schmid,28.5,NJ
12368,MIN,MTL,Filip Gustavsson,25.5,MIN
12368,MIN,MTL,Sam Montembeault,28.5,MTL
12369,DAL,VAN,Scott Wedgewood,25.5,DAL
12369,DAL,VAN,Thatcher Demko,28.5,VAN
12370,COL,OTT,Alexandar Georgiev,26.5,COL
12371,ANA,CGY,Lukas Dostal,28.5,ANA
12372,SJ,ARI,Mackenzie Blackwood,27.5,SJ
12372,SJ,ARI,Karel Vejmelka,26.5,ARI
12373,DET,PHI,Carter Hart,27.5,PHI
12373,DET,PHI,James Reimer,28.5,DET
12374,NYR,EDM,Jonathan Quick,27.5,NYR
12374,NYR,EDM,Stuart Skinner,26.5,EDM
12375,WPG,BOS,Jeremy Swayman,27.5,BOS
12375,WPG,BOS,Connor Hellebuyck,26.5,WPG
12376,CHI,MTL,Petr Mrazek,27.5,CHI
12376,CHI,MTL,Cayden Primeau,26.5,MTL
12377,NSH,DAL,Juuse Saros,26.5,NSH
12377,NSH,DAL,Scott Wedgewood,27.5,DAL
12378,FLA,VGK,Sergei Bobrovsky,25.5,FLA
12379,CBJ,TOR,Martin Jones,26.5,TOR
12379,CBJ,TOR,Daniil Tarasov,29.5,CBJ
12380,NJ,DET,Michael Hutchinson,28.5,DET
12380,NJ,DET,Vitek Vanecek,25.5,NJ
12381,CAR,NYI,Ilya Sorokin,31.5,NYI
12381,CAR,NYI,Pyotr Kochetkov,24.5,CAR
12382,WSH,TB,Charlie Lindgren,27.5,WSH
12382,WSH,TB,Andrei Vasilevskiy,25.5,TB
12383,OTT,PIT,Anton Forsberg,27.5,OTT
12383,OTT,PIT,Alex Nedeljkovic,29.5,PIT
12384,MIN,BOS,Marc-Andre Fleury,27.5,MIN
12385,NYR,BUF,Igor Shesterkin,26.5,NYR
12385,NYR,BUF,Ukko-Pekka Luukkonen,27.5,BUF
12386,STL,CHI,Arvid Soderblom,28.5,CHI
12386,STL,CHI,Jordan Binnington,25.5,STL
12388,COL,ARI,Connor Ingram,29.5,ARI
12388,COL,ARI,Alexandar Georgiev,24.5,COL
12389,LA,CGY,Jacob Markstrom,28.5,CGY
12389,LA,CGY,Cam Talbot,25.5,LA
12390,VAN,SJ,Thatcher Demko,25.5,VAN
12390,VAN,SJ,Mackenzie Blackwood,27.5,SJ
12391,NJ,CBJ,Elvis Merzlikins,29.5,CBJ
12391,NJ,CBJ,Vitek Vanecek,24.5,NJ
12392,TOR,OTT,Martin Jones,27.5,TOR
12392,TOR,OTT,Joonas Korpisalo,29.5,OTT
12393,NYR,WSH,Igor Shesterkin,25.5,NYR
12393,NYR,WSH,Darcy Kuemper,27.5,WSH
12394,TB,FLA,Andrei Vasilevskiy,28.5,TB
12394,TB,FLA,Sergei Bobrovsky,25.5,FLA
12395,NYI,PIT,Ilya Sorokin,30.5,NYI
12395,NYI,PIT,Tristan Jarry,27.5,PIT
12396,BUF,BOS,Jeremy Swayman,28.5,BOS
12396,BUF,BOS,Devon Levi,26.5,BUF
12397,STL,DAL,Scott Wedgewood,27.5,DAL
12397,STL,DAL,Joel Hofer,26.5,STL
12398,MIN,DET,James Reimer,27.5,DET
12398,MIN,DET,Filip Gustavsson,25.5,MIN
12399,NSH,CAR,Juuse Saros,29.5,NSH
12399,NSH,CAR,Pyotr Kochetkov,24.5,CAR
12400,CHI,WPG,Connor Hellebuyck,24.5,WPG
12400,CHI,WPG,Petr Mrazek,28.5,CHI
12401,ARI,COL,Karel Vejmelka,28.5,ARI
12401,ARI,COL,Alexandar Georgiev,25.5,COL
12402,CGY,SEA,Jacob Markstrom,25.5,CGY
12402,CGY,SEA,Chris Driedger,26.5,SEA
12403,ANA,VGK,John Gibson,28.5,ANA
12403,ANA,VGK,Logan Thompson,26.5,VGK
12404,LA,SJ,David Rittich,22.5,LA
12404,LA,SJ,Kaapo Kahkonen,31.5,SJ
12405,CAR,MTL,Antti Raanta,23.5,CAR
12405,CAR,MTL,Cayden Primeau,30.5,MTL
12406,VAN,PHI,Casey DeSmith,27.5,VAN
12406,VAN,PHI,Samuel Ersson,24.5,PHI
12407,VGK,LA,Cam Talbot,25.5,LA
12408,SJ,EDM,Magnus Chrona,30.5,SJ
12408,SJ,EDM,Stuart Skinner,23.5,EDM
12409,FLA,NYR,Sergei Bobrovsky,25.5,FLA
12409,FLA,NYR,Jonathan Quick,29.5,NYR
12410,DET,NSH,Alex Lyon,26.5,DET
12411,OTT,NJ,Joonas Korpisalo,28.5,OTT
12412,CBJ,TOR,Elvis Merzlikins,29.5,CBJ
12412,CBJ,TOR,Ilya Samsonov,26.5,TOR
12413,NYI,WSH,Charlie Lindgren,27.5,WSH
12413,NYI,WSH,Ilya Sorokin,28.5,NYI
12414,STL,COL,Jordan Binnington,28.5,STL
12414,STL,COL,Alexandar Georgiev,26.5,COL
12415,DAL,CHI,Petr Mrazek,29.5,CHI
12415,DAL,CHI,Scott Wedgewood,23.5,DAL
12416,ANA,ARI,John Gibson,25.5,ANA
12416,ANA,ARI,Connor Ingram,27.5,ARI
12417,SEA,PHI,Carter Hart,26.5,PHI
12417,SEA,PHI,Joey Daccord,26.5,SEA
12418,WPG,MIN,Filip Gustavsson,27.5,MIN
12418,WPG,MIN,Connor Hellebuyck,26.5,WPG
12419,BUF,CBJ,Daniil Tarasov,29.5,CBJ
12420,WSH,NSH,Hunter Shepard,26.5,WSH
12420,WSH,NSH,Yaroslav Askarov,26.5,NSH
12421,FLA,MTL,Jake Allen,30.5,MTL
12421,FLA,MTL,Anthony Stolarz,24.5,FLA
12422,TOR,CAR,Pyotr Kochetkov,26.5,CAR
12423,PIT,STL,Joel Hofer,28.5,STL
12423,PIT,STL,Tristan Jarry,26.5,PIT
12425,TB,NYR,Andrei Vasilevskiy,26.5,TB
12427,MIN,WPG,Marc-Andre Fleury,27.5,MIN
12427,MIN,WPG,Laurent Brossoit,25.5,WPG
12428,DET,BOS,Alex Lyon,27.5,DET
12429,OTT,BUF,Devon Levi,27.5,BUF
12430,PIT,NYI,Alex Nedeljkovic,26.5,PIT
12430,PIT,NYI,Ilya Sorokin,29.5,NYI
12431,TB,MTL,Sam Montembeault,27.5,MTL
12432,CGY,PHI,Jacob Markstrom,25.5,CGY
12432,CGY,PHI,Samuel Ersson,26.5,PHI
12433,ANA,EDM,Calvin Pickard,25.5,EDM
12434,DAL,CHI,Petr Mrazek,29.5,CHI
12435,COL,SJ,Kaapo Kahkonen,29.5,SJ
12437,NYR,CAR,Igor Shesterkin,28.5,NYR
12437,NYR,CAR,Pyotr Kochetkov,25.5,CAR
12438,CBJ,BOS,Spencer Martin,27.5,CBJ
12439,PIT,WSH,Tristan Jarry,25.5,PIT
12439,PIT,WSH,Darcy Kuemper,28.5,WSH
12440,DAL,MTL,Scott Wedgewood,25.5,DAL
12440,DAL,MTL,Sam Montembeault,27.5,MTL
12441,WPG,TB,Andrei Vasilevskiy,27.5,TB
12441,WPG,TB,Connor Hellebuyck,25.5,WPG
12442,MIN,CGY,Marc-Andre Fleury,27.5,MIN
12442,MIN,CGY,Jacob Markstrom,25.5,CGY
12443,NSH,CHI,Arvid Soderblom,28.5,CHI
12443,NSH,CHI,Juuse Saros,23.5,NSH
12444,EDM,PHI,Carter Hart,28.5,PHI
12444,EDM,PHI,Stuart Skinner,25.5,EDM
12445,COL,NYI,Alexandar Georgiev,25.5,COL
12445,COL,NYI,Semyon Varlamov,28.5,NYI
12446,ARI,FLA,Karel Vejmelka,29.5,ARI
12446,ARI,FLA,Sergei Bobrovsky,24.5,FLA
12447,VAN,OTT,Anton Forsberg,26.5,OTT
12447,VAN,OTT,Thatcher Demko,26.5,VAN
12448,SJ,DET,Alex Lyon,25.5,DET
12448,SJ,DET,Kaapo Kahkonen,29.5,SJ
12449,LA,TOR,Cam Talbot,25.5,LA
12449,LA,TOR,Martin Jones,28.5,TOR
12450,WSH,NJ,Nico Daws,25.5,NJ
12450,WSH,NJ,Hunter Shepard,27.5,WSH
12451,ANA,TOR,Martin Jones,27.5,TOR
12451,ANA,TOR,Lukas Dostal,28.5,ANA
12452,MTL,BUF,Devon Levi,25.5,BUF
12452,MTL,BUF,Jake Allen,28.5,MTL
12453,BOS,PIT,Jeremy Swayman,28.5,BOS
12453,BOS,PIT,Alex Nedeljkovic,27.5,PIT
12454,PHI,CBJ,Samuel Ersson,25.5,PHI
12454,PHI,CBJ,Daniil Tarasov,29.5,CBJ
12455,NYR,CHI,Petr Mrazek,29.5,CHI
12455,NYR,CHI,Igor Shesterkin,23.5,NYR
12456,NSH,CGY,Juuse Saros,26.5,NSH
12457,STL,VAN,Jordan Binnington,26.5,STL
12457,STL,VAN,Thatcher Demko,27.5,VAN
12458,MIN,TB,Marc-Andre Fleury,27.5,MIN
12459,DAL,COL,Alexandar Georgiev,26.5,COL
12460,ARI,NYI,Connor Ingram,26.5,ARI
12460,ARI,NYI,Ilya Sorokin,27.5,NYI
12461,VGK,FLA,Sergei Bobrovsky,26.5,FLA
12461,VGK,FLA,Logan Thompson,27.5,VGK
12462,SEA,OTT,Joey Daccord,27.5,SEA
12463,LA,DET,Alex Lyon,29.5,DET
12463,LA,DET,David Rittich,23.5,LA
12464,SJ,WPG,Mackenzie Blackwood,28.5,SJ
12464,SJ,WPG,Connor Hellebuyck,24.5,WPG
12465,WSH,CAR,Pyotr Kochetkov,25.5,CAR
12465,WSH,CAR,Darcy Kuemper,28.5,WSH
12466,NJ,CHI,Arvid Soderblom,28.5,CHI
12466,NJ,CHI,Vitek Vanecek,23.5,NJ
12467,ANA,WPG,Laurent Brossoit,24.5,WPG
12467,ANA,WPG,John Gibson,28.5,ANA
12468,PHI,CGY,Carter Hart,27.5,PHI
12469,COL,FLA,Sergei Bobrovsky,26.5,FLA
12470,PIT,BUF,Tristan Jarry,27.5,PIT
12470,PIT,BUF,Ukko-Pekka Luukkonen,27.5,BUF
12471,CAR,STL,Antti Raanta,24.5,CAR
12471,CAR,STL,Jordan Binnington,29.5,STL
12472,BOS,TB,Linus Ullmark,27.5,BOS
12473,SJ,TOR,Mackenzie Blackwood,29.5,SJ
12473,SJ,TOR,Martin Jones,24.5,TOR
12474,MTL,NYR,Jonathan Quick,25.5,NYR
12474,MTL,NYR,Sam Montembeault,27.5,MTL
12475,NJ,VAN,Thatcher Demko,27.5,VAN
12476,CBJ,MIN,Marc-Andre Fleury,26.5,MIN
12476,CBJ,MIN,Daniil Tarasov,27.5,CBJ
12477,DAL,NSH,Scott Wedgewood,26.5,DAL
12477,DAL,NSH,Kevin Lankinen,28.5,NSH
12478,EDM,OTT,Anton Forsberg,28.5,OTT
12478,EDM,OTT,Stuart Skinner,25.5,EDM
12479,VGK,NYI,Logan Thompson,25.5,VGK
12479,VGK,NYI,Ilya Sorokin,30.5,NYI
12480,WSH,LA,Darcy Kuemper,29.5,WSH
12481,CHI,CGY,Dan Vladar,24.5,CGY
12481,CHI,CGY,Petr Mrazek,29.5,CHI
12482,ARI,WPG,Karel Vejmelka,27.5,ARI
12482,ARI,WPG,Connor Hellebuyck,26.5,WPG
12483,ANA,DET,Alex Lyon,26.5,DET
12484,PHI,PIT,Carter Hart,28.5,PHI
12484,PHI,PIT,Alex Nedeljkovic,28.5,PIT
12485,NYR,VAN,Igor Shesterkin,25.5,NYR
12485,NYR,VAN,Thatcher Demko,27.5,VAN
12486,MIN,DAL,Marc-Andre Fleury,27.5,MIN
12486,MIN,DAL,Matt Murray,25.5,DAL
12487,COL,BOS,Jeremy Swayman,28.5,BOS
12487,COL,BOS,Alexandar Georgiev,24.5,COL
12488,TOR,SJ,Kaapo Kahkonen,30.5,SJ
12488,TOR,SJ,Martin Jones,23.5,TOR
12489,TB,LA,Cam Talbot,25.5,LA
12490,BUF,SEA,Devon Levi,25.5,BUF
12491,NYI,VAN,Casey DeSmith,27.5,VAN
12491,NYI,VAN,Ilya Sorokin,27.5,NYI
12493,WPG,CBJ,Connor Hellebuyck,24.5,WPG
12493,WPG,CBJ,Daniil Tarasov,29.5,CBJ
12494,STL,FLA,Joel Hofer,28.5,STL
12494,STL,FLA,Anthony Stolarz,26.5,FLA
12495,CHI,EDM,Petr Mrazek,29.5,CHI
12495,CHI,EDM,Stuart Skinner,22.5,EDM
12496,CGY,OTT,Joonas Korpisalo,28.5,OTT
12496,CGY,OTT,Jacob Markstrom,26.5,CGY
12497,ARI,BOS,Connor Ingram,26.5,ARI
12498,PHI,MTL,Samuel Ersson,24.5,PHI
12498,PHI,MTL,Cayden Primeau,29.5,MTL
12499,DAL,MIN,Scott Wedgewood,24.5,DAL
12499,DAL,MIN,Jesper Wallstedt,28.5,MIN
12500,COL,VGK,Alexandar Georgiev,25.5,COL
12501,TB,NJ,Vitek Vanecek,26.5,NJ
12501,TB,NJ,Andrei Vasilevskiy,24.5,TB
12502,CAR,ANA,Pyotr Kochetkov,23.5,CAR
12503,PIT,VAN,Thatcher Demko,29.5,VAN
12503,PIT,VAN,Alex Nedeljkovic,26.5,PIT
12504,WSH,SEA,Darcy Kuemper,27.5,WSH
12504,WSH,SEA,Joey Daccord,27.5,SEA
12505,NYI,TOR,Ilya Sorokin,29.5,NYI
12505,NYI,TOR,Martin Jones,26.5,TOR
12506,MTL,SJ,Mackenzie Blackwood,28.5,SJ
12507,DET,EDM,Alex Lyon,28.5,DET
12507,DET,EDM,Calvin Pickard,26.5,EDM
12508,BUF,OTT,Ukko-Pekka Luukkonen,26.5,BUF
12508,BUF,OTT,Anton Forsberg,29.5,OTT
12509,FLA,LA,Sergei Bobrovsky,27.5,FLA
12509,FLA,LA,Cam Talbot,27.5,LA
12510,STL,NYR,Igor Shesterkin,26.5,NYR
12510,STL,NYR,Jordan Binnington,27.5,STL
12511,WPG,CHI,Petr Mrazek,28.5,CHI
12511,WPG,CHI,Laurent Brossoit,22.5,WPG
12512,ARI,CGY,Karel Vejmelka,27.5,ARI
12512,ARI,CGY,Jacob Markstrom,25.5,CGY
12513,VGK,BOS,Jeremy Swayman,28.5,BOS
12515,MIN,PHI,Carter Hart,26.5,PHI
12515,MIN,PHI,Marc-Andre Fleury,27.5,MIN
12516,WSH,NYR,Charlie Lindgren,27.5,WSH
12516,WSH,NYR,Jonathan Quick,27.5,NYR
12517,BUF,VAN,Ukko-Pekka Luukkonen,25.5,BUF
12518,OTT,SJ,Joonas Korpisalo,25.5,OTT
12518,OTT,SJ,Mackenzie Blackwood,30.5,SJ
12519,FLA,NJ,Nico Daws,28.5,NJ
12519,FLA,NJ,Sergei Bobrovsky,24.5,FLA
12520,TB,ANA,Lukas Dostal,29.5,ANA
12520,TB,ANA,Andrei Vasilevskiy,24.5,TB
12521,MTL,EDM,Sam Montembeault,29.5,MTL
12521,MTL,EDM,Stuart Skinner,24.5,EDM
12522,TOR,COL,Martin Jones,27.5,TOR
12522,TOR,COL,Alexandar Georgiev,28.5,COL
12523,CBJ,SEA,Daniil Tarasov,27.5,CBJ
12524,WPG,PHI,Connor Hellebuyck,26.5,WPG
12524,WPG,PHI,Samuel Ersson,27.5,PHI
12525,DET,LA,Alex Lyon,29.5,DET
12525,DET,LA,Cam Talbot,25.5,LA
12526,CAR,PIT,Tristan Jarry,28.5,PIT
12526,CAR,PIT,Antti Raanta,25.5,CAR
12527,NSH,NYI,Ilya Sorokin,29.5,NYI
12528,CHI,DAL,Petr Mrazek,27.5,CHI
12529,STL,BOS,Jeremy Swayman,27.5,BOS
12529,STL,BOS,Jordan Binnington,26.5,STL
12530,MIN,ARI,Filip Gustavsson,25.5,MIN
12530,MIN,ARI,Connor Ingram,26.5,ARI
12531,VGK,CGY,Logan Thompson,27.5,VGK
12531,VGK,CGY,Jacob Markstrom,26.5,CGY
12532,NYR,WSH,Igor Shesterkin,24.5,NYR
12532,NYR,WSH,Charlie Lindgren,28.5,WSH
12533,TOR,DET,Ilya Samsonov,24.5,TOR
12533,TOR,DET,James Reimer,29.5,DET
12535,BUF,SJ,Ukko-Pekka Luukkonen,23.5,BUF
12535,BUF,SJ,Kaapo Kahkonen,30.5,SJ
12536,FLA,ANA,Anthony Stolarz,24.5,FLA
12537,CBJ,VAN,Elvis Merzlikins,28.5,CBJ
12538,CAR,LA,Antti Raanta,25.5,CAR
12539,PIT,SEA,Tristan Jarry,25.5,PIT
12540,MIN,NYI,Marc-Andre Fleury,25.5,MIN
12541,MTL,COL,Jake Allen,28.5,MTL
12541,MTL,COL,Alexandar Georgiev,24.5,COL
12542,STL,PHI,Joel Hofer,28.5,STL
12542,STL,PHI,Carter Hart,26.5,PHI
12544,NYR,SEA,Chris Driedger,27.5,SEA
12544,NYR,SEA,Igor Shesterkin,24.5,NYR
12545,WSH,ANA,Darcy Kuemper,25.5,WSH
12545,WSH,ANA,John Gibson,27.5,ANA
12546,OTT,COL,Mads Sogaard,27.5,OTT
12547,WPG,NYI,Connor Hellebuyck,24.5,WPG
12548,DAL,LA,Cam Talbot,26.5,LA
12549,CHI,SJ,Mackenzie Blackwood,27.5,SJ
12549,CHI,SJ,Petr Mrazek,25.5,CHI
12550,CGY,ARI,Dan Vladar,24.5,CGY
12550,CGY,ARI,Connor Ingram,28.5,ARI
12551,EDM,TOR,Stuart Skinner,26.5,EDM
12551,EDM,TOR,Martin Jones,29.5,TOR
12552,FLA,DET,Sergei Bobrovsky,23.5,FLA
12552,FLA,DET,Alex Lyon,30.5,DET
12553,NJ,MTL,Nico Daws,25.5,NJ
12553,NJ,MTL,Sam Montembeault,28.5,MTL
12555,PHI,DAL,Jake Oettinger,28.5,DAL
12555,PHI,DAL,Samuel Ersson,25.5,PHI
12556,BOS,COL,Alexandar Georgiev,26.5,COL
12556,BOS,COL,Jeremy Swayman,27.5,BOS
12557,WSH,STL,Jordan Binnington,27.5,STL
12557,WSH,STL,Charlie Lindgren,26.5,WSH
12558,OTT,MTL,Cayden Primeau,29.5,MTL
12558,OTT,MTL,Joonas Korpisalo,24.5,OTT
12559,TB,MIN,Andrei Vasilevskiy,25.5,TB
12559,TB,MIN,Filip Gustavsson,27.5,MIN
12560,EDM,SEA,Stuart Skinner,24.5,EDM
12560,EDM,SEA,Joey Daccord,28.5,SEA
12561,CGY,TOR,Dan Vladar,26.5,CGY
12561,CGY,TOR,Martin Jones,26.5,TOR
12562,LA,NSH,David Rittich,25.5,LA
12563,VAN,ARI,Connor Ingram,27.5,ARI
12563,VAN,ARI,Thatcher Demko,25.5,VAN
12564,VGK,NYR,Logan Thompson,27.5,VGK
12564,VGK,NYR,Igor Shesterkin,25.5,NYR
12565,CAR,DET,Alex Lyon,30.5,DET
12565,CAR,DET,Antti Raanta,23.5,CAR
12566,CBJ,NJ,Elvis Merzlikins,28.5,CBJ
12567,FLA,MIN,Sergei Bobrovsky,25.5,FLA
12567,FLA,MIN,Marc-Andre Fleury,29.5,MIN
12568,CHI,NYI,Ilya Sorokin,26.5,NYI
12568,CHI,NYI,Petr Mrazek,27.5,CHI
12569,BUF,TB,Jonas Johansson,27.5,TB
12569,BUF,TB,Ukko-Pekka Luukkonen,25.5,BUF
12570,PHI,COL,Carter Hart,26.5,PHI
12571,ARI,NSH,Connor Ingram,27.5,ARI
12572,OTT,WPG,Connor Hellebuyck,28.5,WPG
12573,BOS,MTL,Sam Montembeault,28.5,MTL
12573,BOS,MTL,Linus Ullmark,25.5,BOS
12574,VAN,TOR,Martin Jones,26.5,TOR
12574,VAN,TOR,Thatcher Demko,27.5,VAN
12575,NJ,DAL,Nico Daws,25.5,NJ
12575,NJ,DAL,Scott Wedgewood,26.5,DAL
12576,STL,WSH,Jordan Binnington,26.5,STL
12576,STL,WSH,Charlie Lindgren,26.5,WSH
12577,VGK,PIT,Logan Thompson,28.5,VGK
12577,VGK,PIT,Tristan Jarry,25.5,PIT
12578,SJ,ANA,Mackenzie Blackwood,26.5,SJ
12579,CGY,EDM,Dan Vladar,27.5,CGY
12579,CGY,EDM,Stuart Skinner,25.5,EDM
12580,LA,NYR,David Rittich,25.5,LA
12580,LA,NYR,Jonathan Quick,27.5,NYR
12581,PHI,OTT,Mads Sogaard,28.5,OTT
12582,CAR,MIN,Antti Raanta,23.5,CAR
12582,CAR,MIN,Filip Gustavsson,29.5,MIN
12583,DET,TB,Alex Lyon,28.5,DET
12584,NYI,DAL,Ilya Sorokin,28.5,NYI
12584,NYI,DAL,Scott Wedgewood,24.5,DAL
12585,ANA,NYR,Igor Shesterkin,24.5,NYR
12585,ANA,NYR,Lukas Dostal,29.5,ANA
12586,SEA,TOR,Joey Daccord,28.5,SEA
12586,SEA,TOR,Ilya Samsonov,25.5,TOR
12587,BOS,WPG,Jeremy Swayman,27.5,BOS
12587,BOS,WPG,Connor Hellebuyck,27.5,WPG
12588,NJ,VGK,Vitek Vanecek,27.5,NJ
12588,NJ,VGK,Logan Thompson,26.5,VGK
12589,NSH,FLA,Anthony Stolarz,27.5,FLA
12589,NSH,FLA,Juuse Saros,27.5,NSH
12590,ARI,PIT,Connor Ingram,28.5,ARI
12590,ARI,PIT,Tristan Jarry,25.5,PIT
12591,VAN,CHI,Thatcher Demko,24.5,VAN
12591,VAN,CHI,Petr Mrazek,27.5,CHI
12592,LA,SJ,Kaapo Kahkonen,30.5,SJ
12592,LA,SJ,David Rittich,22.5,LA
12593,MTL,OTT,Jake Allen,29.5,MTL
12593,MTL,OTT,Joonas Korpisalo,25.5,OTT
12594,DET,DAL,Jake Oettinger,25.5,DAL
12594,DET,DAL,Alex Lyon,27.5,DET
12595,PHI,TB,Samuel Ersson,24.5,PHI
12596,NYI,VGK,Ilya Sorokin,28.5,NYI
12596,NYI,VGK,Adin Hill,26.5,VGK
12597,MIN,WSH,Filip Gustavsson,26.5,MIN
12597,MIN,WSH,Darcy Kuemper,27.5,WSH
12598,CGY,STL,Jordan Binnington,27.5,STL
12598,CGY,STL,Jacob Markstrom,25.5,CGY
12599,EDM,CBJ,Elvis Merzlikins,31.5,CBJ
12599,EDM,CBJ,Stuart Skinner,24.5,EDM
12600,ANA,BUF,John Gibson,28.5,ANA
12600,ANA,BUF,Ukko-Pekka Luukkonen,24.5,BUF
12601,SJ,NYR,Mackenzie Blackwood,28.5,SJ
12601,SJ,NYR,Igor Shesterkin,23.5,NYR
12602,TOR,WPG,Laurent Brossoit,27.5,WPG
12602,TOR,WPG,Ilya Samsonov,25.5,TOR
12603,FLA,ARI,Karel Vejmelka,30.5,ARI
12603,FLA,ARI,Sergei Bobrovsky,24.5,FLA
12604,BOS,CAR,Linus Ullmark,27.5,BOS
12604,BOS,CAR,Spencer Martin,25.5,CAR
12605,COL,WSH,Charlie Lindgren,28.5,WSH
12605,COL,WSH,Alexandar Georgiev,25.5,COL
12606,SEA,CHI,Joey Daccord,24.5,SEA
12606,SEA,CHI,Arvid Soderblom,27.5,CHI
12607,VAN,STL,Joel Hofer,27.5,STL
12607,VAN,STL,Casey DeSmith,25.5,VAN
12608,LA,BUF,Cam Talbot,26.5,LA
12608,LA,BUF,Devon Levi,28.5,BUF
12609,DET,PHI,Samuel Ersson,23.5,PHI
12609,DET,PHI,Alex Lyon,29.5,DET
12610,TB,ARI,Connor Ingram,27.5,ARI
12610,TB,ARI,Andrei Vasilevskiy,25.5,TB
12611,OTT,BOS,Jeremy Swayman,28.5,BOS
12611,OTT,BOS,Joonas Korpisalo,25.5,OTT
12612,MTL,NYI,Sam Montembeault,27.5,MTL
12612,MTL,NYI,Semyon Varlamov,27.5,NYI
12613,CAR,NJ,Antti Raanta,23.5,CAR
12613,CAR,NJ,Nico Daws,29.5,NJ
12614,MIN,NSH,Filip Gustavsson,28.5,MIN
12614,MIN,NSH,Juuse Saros,26.5,NSH
12615,DAL,ANA,Jake Oettinger,24.5,DAL
12616,EDM,CHI,Calvin Pickard,23.5,EDM
12616,EDM,CHI,Petr Mrazek,30.5,CHI
12617,CGY,CBJ,Jacob Markstrom,26.5,CGY
12617,CGY,CBJ,Daniil Tarasov,29.5,CBJ
12618,NYR,VGK,Igor Shesterkin,23.5,NYR
12618,NYR,VGK,Adin Hill,27.5,VGK
12619,PIT,FLA,Alex Nedeljkovic,28.5,PIT
12619,PIT,FLA,Sergei Bobrovsky,27.5,FLA
12620,COL,LA,Cam Talbot,26.5,LA
12620,COL,LA,Alexandar Georgiev,27.5,COL
12621,SEA,STL,Jordan Binnington,27.5,STL
12622,PHI,BOS,Samuel Ersson,24.5,PHI
12622,PHI,BOS,Linus Ullmark,28.5,BOS
12623,DAL,WSH,Charlie Lindgren,27.5,WSH
12623,DAL,WSH,Jake Oettinger,25.5,DAL
12624,EDM,NSH,Stuart Skinner,26.5,EDM
12625,SJ,BUF,Kaapo Kahkonen,30.5,SJ
12625,SJ,BUF,Ukko-Pekka Luukkonen,24.5,BUF
12626,OTT,NYR,Joonas Korpisalo,25.5,OTT
12627,PIT,MTL,Tristan Jarry,24.5,PIT
12627,PIT,MTL,Jake Allen,30.5,MTL
12628,DET,VGK,Alex Lyon,27.5,DET
12629,WPG,TOR,Ilya Samsonov,26.5,TOR
12629,WPG,TOR,Connor Hellebuyck,27.5,WPG
12630,CAR,ARI,Connor Ingram,29.5,ARI
12630,CAR,ARI,Antti Raanta,22.5,CAR
12632,NYI,FLA,Semyon Varlamov,30.5,NYI
12632,NYI,FLA,Anthony Stolarz,26.5,FLA
12633,MIN,ANA,Filip Gustavsson,25.5,MIN
12633,MIN,ANA,Lukas Dostal,29.5,ANA
12634,VAN,CBJ,Thatcher Demko,26.5,VAN
12634,VAN,CBJ,Elvis Merzlikins,27.5,CBJ
12635,CGY,CHI,Petr Mrazek,28.5,CHI
12635,CGY,CHI,Jacob Markstrom,24.5,CGY
12636,STL,LA,Joel Hofer,29.5,STL
12637,SEA,CBJ,Daniil Tarasov,28.5,CBJ
12637,SEA,CBJ,Joey Daccord,26.5,SEA
12638,OTT,NSH,Juuse Saros,28.5,NSH
12638,OTT,NSH,Mads Sogaard,26.5,OTT
12639,STL,CBJ,Jordan Binnington,27.5,STL
12639,STL,CBJ,Elvis Merzlikins,26.5,CBJ
12640,SJ,SEA,Mackenzie Blackwood,28.5,SJ
12640,SJ,SEA,Joey Daccord,25.5,SEA
12641,DET,OTT,Alex Lyon,29.5,DET
12641,DET,OTT,Joonas Korpisalo,24.5,OTT
12642,NSH,LA,David Rittich,26.5,LA
12642,NSH,LA,Juuse Saros,28.5,NSH
12643,ANA,SJ,Kaapo Kahkonen,28.5,SJ
12643,ANA,SJ,John Gibson,25.5,ANA
12644,NYR,COL,Alexandar Georgiev,26.5,COL
12644,NYR,COL,Jonathan Quick,26.5,NYR
12645,TOR,NYI,Ilya Sorokin,30.5,NYI
12645,TOR,NYI,Ilya Samsonov,25.5,TOR
12646,WSH,MTL,Sam Montembeault,28.5,MTL
12646,WSH,MTL,Charlie Lindgren,24.5,WSH
12647,BOS,CGY,Jeremy Swayman,26.5,BOS
12647,BOS,CGY,Jacob Markstrom,26.5,CGY
12648,PIT,WPG,Tristan Jarry,26.5,PIT
12648,PIT,WPG,Connor Hellebuyck,28.5,WPG
12649,FLA,PHI,Anthony Stolarz,26.5,FLA
12649,FLA,PHI,Samuel Ersson,28.5,PHI
12650,BUF,DAL,Ukko-Pekka Luukkonen,26.5,BUF
12650,BUF,DAL,Jake Oettinger,28.5,DAL
12651,CAR,VAN,Pyotr Kochetkov,24.5,CAR
12651,CAR,VAN,Thatcher Demko,29.5,VAN
12652,NJ,COL,Vitek Vanecek,26.5,NJ
12652,NJ,COL,Justus Annunen,26.5,COL
12653,VGK,EDM,Adin Hill,28.5,VGK
12653,VGK,EDM,Stuart Skinner,25.5,EDM
12654,NYR,TB,Jonathan Quick,25.5,NYR
12654,NYR,TB,Andrei Vasilevskiy,27.5,TB
12655,TOR,DAL,Ilya Samsonov,26.5,TOR
12655,TOR,DAL,Scott Wedgewood,28.5,DAL
12656,CHI,MIN,Filip Gustavsson,25.5,MIN
12656,CHI,MIN,Petr Mrazek,27.5,CHI
12657,FLA,WSH,Sergei Bobrovsky,24.5,FLA
12657,FLA,WSH,Darcy Kuemper,29.5,WSH
12658,PHI,WPG,Laurent Brossoit,28.5,WPG
12658,PHI,WPG,Samuel Ersson,25.5,PHI
12659,NJ,CGY,Vitek Vanecek,26.5,NJ
12659,NJ,CGY,Jacob Markstrom,27.5,CGY
12660,BOS,VAN,Linus Ullmark,26.5,BOS
12660,BOS,VAN,Thatcher Demko,26.5,VAN
12661,NYI,TB,Jonas Johansson,27.5,TB
12661,NYI,TB,Ilya Sorokin,27.5,NYI
12662,CAR,COL,Pyotr Kochetkov,25.5,CAR
12662,CAR,COL,Alexandar Georgiev,28.5,COL
12663,ARI,VGK,Connor Ingram,26.5,ARI
12664,MIN,PIT,Alex Nedeljkovic,27.5,PIT
12664,MIN,PIT,Marc-Andre Fleury,27.5,MIN
12665,CHI,NYR,Igor Shesterkin,23.5,NYR
12665,CHI,NYR,Petr Mrazek,27.5,CHI
12666,ANA,EDM,Calvin Pickard,24.5,EDM
12666,ANA,EDM,John Gibson,29.5,ANA
12667,MTL,DAL,Sam Montembeault,29.5,MTL
12667,MTL,DAL,Jake Oettinger,25.5,DAL
12668,DET,VAN,Alex Lyon,26.5,DET
12669,BUF,STL,Ukko-Pekka Luukkonen,24.5,BUF
12669,BUF,STL,Joel Hofer,30.5,STL
12670,NYI,CGY,Jacob Markstrom,27.5,CGY
12670,NYI,CGY,Semyon Varlamov,28.5,NYI
12671,BOS,WSH,Jeremy Swayman,25.5,BOS
12671,BOS,WSH,Charlie Lindgren,27.5,WSH
12672,FLA,COL,Alexandar Georgiev,28.5,COL
12672,FLA,COL,Sergei Bobrovsky,26.5,FLA
12673,CBJ,TB,Andrei Vasilevskiy,26.5,TB
12673,CBJ,TB,Elvis Merzlikins,27.5,CBJ
12674,CAR,NJ,Pyotr Kochetkov,25.5,CAR
12675,PHI,SEA,Cal Petersen,24.5,PHI
12676,WPG,PIT,Tristan Jarry,27.5,PIT
12676,WPG,PIT,Connor Hellebuyck,27.5,WPG
12677,OTT,TOR,Joonas Korpisalo,26.5,OTT
12677,OTT,TOR,Martin Jones,27.5,TOR
12678,NSH,ARI,Connor Ingram,29.5,ARI
12678,NSH,ARI,Juuse Saros,24.5,NSH
12679,LA,EDM,David Rittich,26.5,LA
12679,LA,EDM,Stuart Skinner,26.5,EDM
12680,MTL,STL,Jake Allen,28.5,MTL
12680,MTL,STL,Jordan Binnington,25.5,STL
12681,WSH,VAN,Thatcher Demko,26.5,VAN
12681,WSH,VAN,Darcy Kuemper,26.5,WSH
12682,NJ,SEA,Nico Daws,26.5,NJ
12683,NYR,CGY,Jacob Markstrom,27.5,CGY
12683,NYR,CGY,Igor Shesterkin,25.5,NYR
12684,PHI,ARI,Karel Vejmelka,30.5,ARI
12684,PHI,ARI,Samuel Ersson,22.5,PHI
12685,VGK,MIN,Filip Gustavsson,27.5,MIN
12685,VGK,MIN,Adin Hill,26.5,VGK
12686,OTT,CBJ,Daniil Tarasov,29.5,CBJ
12686,OTT,CBJ,Anton Forsberg,26.5,OTT
12687,BOS,TB,Linus Ullmark,26.5,BOS
12687,BOS,TB,Andrei Vasilevskiy,25.5,TB
12688,WSH,COL,Charlie Lindgren,27.5,WSH
12688,WSH,COL,Alexandar Georgiev,26.5,COL
12689,BUF,LA,David Rittich,27.5,LA
12689,BUF,LA,Ukko-Pekka Luukkonen,27.5,BUF
12690,MTL,ANA,Cayden Primeau,26.5,MTL
12691,TOR,STL,Ilya Samsonov,23.5,TOR
12691,TOR,STL,Jordan Binnington,28.5,STL
12692,NYI,SEA,Ilya Sorokin,26.5,NYI
12692,NYI,SEA,Philipp Grubauer,26.5,SEA
12693,NSH,NJ,Juuse Saros,26.5,NSH
12694,DAL,CAR,Pyotr Kochetkov,26.5,CAR
12694,DAL,CAR,Jake Oettinger,28.5,DAL
12695,CHI,VAN,Thatcher Demko,24.5,VAN
12695,CHI,VAN,Petr Mrazek,27.5,CHI
12696,EDM,DET,Stuart Skinner,24.5,EDM
12697,PIT,FLA,Sergei Bobrovsky,27.5,FLA
12697,PIT,FLA,Tristan Jarry,28.5,PIT
12698,WPG,SJ,Connor Hellebuyck,24.5,WPG
12698,WPG,SJ,Kaapo Kahkonen,30.5,SJ
12699,ARI,MIN,Connor Ingram,27.5,ARI
12699,ARI,MIN,Marc-Andre Fleury,25.5,MIN
12700,TB,COL,Andrei Vasilevskiy,26.5,TB
12700,TB,COL,Justus Annunen,26.5,COL
12701,TOR,PHI,Samuel Ersson,26.5,PHI
12701,TOR,PHI,Ilya Samsonov,26.5,TOR
12702,NYR,MTL,Sam Montembeault,30.5,MTL
12702,NYR,MTL,Jonathan Quick,24.5,NYR
12703,NJ,LA,Nico Daws,28.5,NJ
12703,NJ,LA,David Rittich,27.5,LA
12704,BOS,SEA,Jeremy Swayman,26.5,BOS
12704,BOS,SEA,Joey Daccord,26.5,SEA
12705,OTT,ANA,Joonas Korpisalo,23.5,OTT
12705,OTT,ANA,John Gibson,30.5,ANA
12706,BUF,FLA,Eric Comrie,27.5,BUF
12706,BUF,FLA,Anthony Stolarz,27.5,FLA
12707,STL,EDM,Stuart Skinner,24.5,EDM
12707,STL,EDM,Jordan Binnington,28.5,STL
12708,CHI,PIT,Arvid Soderblom,28.5,CHI
12708,CHI,PIT,Alex Nedeljkovic,25.5,PIT
12709,CGY,SJ,Mackenzie Blackwood,29.5,SJ
12709,CGY,SJ,Dustin Wolf,24.5,CGY
12710,NSH,DAL,Juuse Saros,27.5,NSH
12710,NSH,DAL,Jake Oettinger,28.5,DAL
12711,VAN,DET,Alex Lyon,27.5,DET
12711,VAN,DET,Thatcher Demko,25.5,VAN
12712,ARI,CAR,Karel Vejmelka,29.5,ARI
12713,BOS,LA,Linus Ullmark,27.5,BOS
12713,BOS,LA,David Rittich,27.5,LA
12714,DAL,EDM,Jake Oettinger,27.5,DAL
12714,DAL,EDM,Calvin Pickard,26.5,EDM
12715,CHI,OTT,Joonas Korpisalo,24.5,OTT
12715,CHI,OTT,Petr Mrazek,29.5,CHI
12716,CGY,DET,James Reimer,28.5,DET
12717,STL,NSH,Jordan Binnington,28.5,STL
12718,MIN,BUF,Ukko-Pekka Luukkonen,26.5,BUF
12718,MIN,BUF,Filip Gustavsson,28.5,MIN
12719,TB,FLA,Sergei Bobrovsky,26.5,FLA
12720,TOR,ANA,Martin Jones,24.5,TOR
12720,TOR,ANA,Lukas Dostal,29.5,ANA
12721,MTL,WSH,Jake Allen,27.5,MTL
12721,MTL,WSH,Darcy Kuemper,26.5,WSH
12722,NJ,PHI,Samuel Ersson,27.5,PHI
12722,NJ,PHI,Nico Daws,27.5,NJ
12723,VAN,WPG,Connor Hellebuyck,25.5,WPG
12723,VAN,WPG,Thatcher Demko,27.5,VAN
12724,VGK,CAR,Spencer Martin,25.5,CAR
12724,VGK,CAR,Adin Hill,28.5,VGK
12725,SJ,CBJ,Kaapo Kahkonen,28.5,SJ
12725,SJ,CBJ,Elvis Merzlikins,25.5,CBJ
12726,NYI,NYR,Ilya Sorokin,28.5,NYI
12726,NYI,NYR,Igor Shesterkin,26.5,NYR
12727,PIT,LA,Tristan Jarry,26.5,PIT
12728,COL,ARI,Karel Vejmelka,29.5,ARI
12729,BUF,ANA,John Gibson,29.5,ANA
12729,BUF,ANA,Ukko-Pekka Luukkonen,23.5,BUF
12730,STL,TOR,Joel Hofer,28.5,STL
12731,BOS,DAL,Jeremy Swayman,26.5,BOS
12731,BOS,DAL,Jake Oettinger,27.5,DAL
12732,MIN,VAN,Casey DeSmith,27.5,VAN
12733,SEA,DET,Alex Lyon,27.5,DET
12733,SEA,DET,Joey Daccord,25.5,SEA
12734,ARI,EDM,Stuart Skinner,24.5,EDM
12734,ARI,EDM,Matt Villalta,28.5,ARI
12735,CGY,WPG,Connor Hellebuyck,27.5,WPG
12736,SJ,VGK,Mackenzie Blackwood,28.5,SJ
12737,TB,OTT,Andrei Vasilevskiy,27.5,TB
12737,TB,OTT,Anton Forsberg,27.5,OTT
12738,CAR,CHI,Spencer Martin,24.5,CAR
12738,CAR,CHI,Petr Mrazek,29.5,CHI
12739,PIT,NYI,Ilya Sorokin,29.5,NYI
12739,PIT,NYI,Alex Nedeljkovic,27.5,PIT
12740,FLA,OTT,Sergei Bobrovsky,27.5,FLA
12740,FLA,OTT,Joonas Korpisalo,27.5,OTT
12741,NYR,DAL,Scott Wedgewood,27.5,DAL
12741,NYR,DAL,Igor Shesterkin,26.5,NYR
12742,WSH,NJ,Charlie Lindgren,27.5,WSH
12743,WPG,MIN,Marc-Andre Fleury,27.5,MIN
12743,WPG,MIN,Laurent Brossoit,25.5,WPG
12744,COL,VAN,Alexandar Georgiev,25.5,COL
12744,COL,VAN,Thatcher Demko,27.5,VAN
12745,VGK,NSH,Adin Hill,27.5,VGK
12746,LA,CBJ,Cam Talbot,26.5,LA
12746,LA,CBJ,Elvis Merzlikins,28.5,CBJ
12747,MTL,BUF,Ukko-Pekka Luukkonen,25.5,BUF
12747,MTL,BUF,Sam Montembeault,29.5,MTL
12748,CHI,PHI,Samuel Ersson,23.5,PHI
12748,CHI,PHI,Arvid Soderblom,29.5,CHI
12749,ARI,TOR,Karel Vejmelka,28.5,ARI
12749,ARI,TOR,Ilya Samsonov,24.5,TOR
12750,EDM,BOS,Stuart Skinner,25.5,EDM
12751,ANA,CBJ,Daniil Tarasov,26.5,CBJ
12751,ANA,CBJ,John Gibson,28.5,ANA
12752,NJ,NYR,Nico Daws,26.5,NJ
12752,NJ,NYR,Igor Shesterkin,28.5,NYR
12753,OTT,DAL,Anton Forsberg,27.5,OTT
12753,OTT,DAL,Jake Oettinger,28.5,DAL
12754,PIT,MTL,Tristan Jarry,24.5,PIT
12754,PIT,MTL,Cayden Primeau,28.5,MTL
12755,CAR,FLA,Pyotr Kochetkov,26.5,CAR
12755,CAR,FLA,Sergei Bobrovsky,28.5,FLA
12756,DET,COL,Alex Lyon,28.5,DET
12756,DET,COL,Justus Annunen,26.5,COL
12757,TB,WSH,Andrei Vasilevskiy,25.5,TB
12757,TB,WSH,Charlie Lindgren,27.5,WSH
12758,STL,NYI,Semyon Varlamov,26.5,NYI
12758,STL,NYI,Jordan Binnington,27.5,STL
12759,CGY,BOS,Linus Ullmark,28.5,BOS
12759,CGY,BOS,Jacob Markstrom,25.5,CGY
12760,SEA,VAN,Thatcher Demko,26.5,VAN
12760,SEA,VAN,Philipp Grubauer,24.5,SEA
12761,VGK,TOR,Adin Hill,28.5,VGK
12762,LA,NSH,David Rittich,28.5,LA
12762,LA,NSH,Juuse Saros,28.5,NSH
12763,CBJ,BUF,Daniil Tarasov,28.5,CBJ
12763,CBJ,BUF,Ukko-Pekka Luukkonen,26.5,BUF
12764,CHI,WPG,Petr Mrazek,29.5,CHI
12764,CHI,WPG,Connor Hellebuyck,24.5,WPG
12765,EDM,MIN,Filip Gustavsson,28.5,MIN
12765,EDM,MIN,Calvin Pickard,25.5,EDM
12766,DET,STL,Jordan Binnington,27.5,STL
12766,DET,STL,Alex Lyon,25.5,DET
12767,NYI,TB,Andrei Vasilevskiy,27.5,TB
12767,NYI,TB,Ilya Sorokin,27.5,NYI
12769,PHI,NYR,Samuel Ersson,24.5,PHI
12769,PHI,NYR,Igor Shesterkin,29.5,NYR
12770,FLA,WSH,Anthony Stolarz,24.5,FLA
12770,FLA,WSH,Charlie Lindgren,29.5,WSH
12771,CAR,DAL,Pyotr Kochetkov,25.5,CAR
12771,CAR,DAL,Jake Oettinger,29.5,DAL
12772,VAN,BOS,Jeremy Swayman,27.5,BOS
12772,VAN,BOS,Thatcher Demko,26.5,VAN
12773,COL,TOR,Ilya Samsonov,26.5,TOR
12773,COL,TOR,Alexandar Georgiev,27.5,COL
12774,OTT,VGK,Anton Forsberg,25.5,OTT
12774,OTT,VGK,Logan Thompson,28.5,VGK
12775,SJ,NSH,Kaapo Kahkonen,29.5,SJ
12775,SJ,NSH,Juuse Saros,25.5,NSH
12776,SEA,MIN,Marc-Andre Fleury,26.5,MIN
12776,SEA,MIN,Joey Daccord,25.5,SEA
12777,EDM,CGY,Stuart Skinner,25.5,EDM
12777,EDM,CGY,Dan Vladar,28.5,CGY
12778,LA,ANA,John Gibson,29.5,ANA
12778,LA,ANA,David Rittich,23.5,LA
12779,NJ,TB,Jonas Johansson,28.5,TB
12780,PIT,PHI,Tristan Jarry,27.5,PIT
12780,PIT,PHI,Cal Petersen,27.5,PHI
12781,BUF,CAR,Ukko-Pekka Luukkonen,27.5,BUF
12781,BUF,CAR,Spencer Martin,27.5,CAR
12782,CHI,DET,James Reimer,26.5,DET
12782,CHI,DET,Petr Mrazek,27.5,CHI
12783,WPG,ARI,Connor Hellebuyck,24.5,WPG
12783,WPG,ARI,Connor Ingram,28.5,ARI
12784,CBJ,NYR,Jonathan Quick,27.5,NYR
12784,CBJ,NYR,Elvis Merzlikins,27.5,CBJ
12786,WSH,OTT,Anton Forsberg,26.5,OTT
12786,WSH,OTT,Darcy Kuemper,28.5,WSH
12787,DAL,NYI,Ilya Sorokin,28.5,NYI
12787,DAL,NYI,Scott Wedgewood,26.5,DAL
12788,EDM,LA,David Rittich,27.5,LA
12788,EDM,LA,Stuart Skinner,26.5,EDM
12789,SEA,BOS,Linus Ullmark,27.5,BOS
12789,SEA,BOS,Philipp Grubauer,25.5,SEA
12790,MTL,ARI,Sam Montembeault,26.5,MTL
12790,MTL,ARI,Connor Ingram,27.5,ARI
12791,TOR,VGK,Ilya Samsonov,24.5,TOR
12791,TOR,VGK,Adin Hill,29.5,VGK
12792,FLA,BUF,Sergei Bobrovsky,26.5,FLA
12792,FLA,BUF,Ukko-Pekka Luukkonen,30.5,BUF
12793,PHI,TB,Andrei Vasilevskiy,27.5,TB
12793,PHI,TB,Samuel Ersson,23.5,PHI
12794,DET,WSH,Alex Lyon,25.5,DET
12794,DET,WSH,Charlie Lindgren,27.5,WSH
12795,NSH,OTT,Joonas Korpisalo,26.5,OTT
12795,NSH,OTT,Juuse Saros,27.5,NSH
12796,MIN,CAR,Pyotr Kochetkov,25.5,CAR
12796,MIN,CAR,Filip Gustavsson,28.5,MIN
12797,WPG,STL,Joel Hofer,29.5,STL
12797,WPG,STL,Laurent Brossoit,24.5,WPG
12798,CGY,LA,Jacob Markstrom,27.5,CGY
12798,CGY,LA,Cam Talbot,27.5,LA
12799,COL,DAL,Jake Oettinger,28.5,DAL
12799,COL,DAL,Alexandar Georgiev,25.5,COL
12800,VAN,PIT,Thatcher Demko,26.5,VAN
12800,VAN,PIT,Tristan Jarry,25.5,PIT
12801,SJ,NJ,Mackenzie Blackwood,30.5,SJ
12801,SJ,NJ,Nico Daws,24.5,NJ
12802,NYR,CBJ,Elvis Merzlikins,28.5,CBJ
12802,NYR,CBJ,Igor Shesterkin,27.5,NYR
12803,EDM,STL,Stuart Skinner,24.5,EDM
12803,EDM,STL,Jordan Binnington,30.5,STL
12804,FLA,MTL,Sam Montembeault,30.5,MTL
12804,FLA,MTL,Anthony Stolarz,24.5,FLA
12805,TB,BUF,Andrei Vasilevskiy,27.5,TB
12805,TB,BUF,Ukko-Pekka Luukkonen,26.5,BUF
12806,TOR,ARI,Joseph Woll,25.5,TOR
12806,TOR,ARI,Connor Ingram,28.5,ARI
12807,BOS,VGK,Jeremy Swayman,26.5,BOS
12808,CBJ,CAR,Daniil Tarasov,29.5,CBJ
12808,CBJ,CAR,Spencer Martin,26.5,CAR
12809,DET,NYI,Ilya Sorokin,27.5,NYI
12809,DET,NYI,Alex Lyon,26.5,DET
12810,DAL,WPG,Connor Hellebuyck,27.5,WPG
12810,DAL,WPG,Jake Oettinger,26.5,DAL
12811,NSH,MIN,Juuse Saros,26.5,NSH
12811,NSH,MIN,Filip Gustavsson,27.5,MIN
12812,CHI,COL,Justus Annunen,25.5,COL
12812,CHI,COL,Petr Mrazek,28.5,CHI
12813,SEA,PIT,Tristan Jarry,25.5,PIT
12813,SEA,PIT,Philipp Grubauer,26.5,SEA
12814,VAN,LA,Thatcher Demko,26.5,VAN
12814,VAN,LA,Cam Talbot,27.5,LA
12815,SJ,ANA,John Gibson,26.5,ANA
12815,SJ,ANA,Kaapo Kahkonen,28.5,SJ
12816,WSH,PHI,Charlie Lindgren,28.5,WSH
12817,OTT,ARI,Karel Vejmelka,29.5,ARI
12818,ANA,NJ,Nico Daws,25.5,NJ
12819,CAR,WPG,Connor Hellebuyck,28.5,WPG
12819,CAR,WPG,Pyotr Kochetkov,25.5,CAR
12820,STL,MIN,Jordan Binnington,27.5,STL
12820,STL,MIN,Marc-Andre Fleury,25.5,MIN
12821,SEA,EDM,Stuart Skinner,26.5,EDM
12822,NSH,COL,Juuse Saros,28.5,NSH
12822,NSH,COL,Alexandar Georgiev,27.5,COL
12823,BUF,VGK,Ukko-Pekka Luukkonen,25.5,BUF
12823,BUF,VGK,Logan Thompson,28.5,VGK
12824,TOR,NYR,Ilya Samsonov,25.5,TOR
12824,TOR,NYR,Igor Shesterkin,28.5,NYR
12825,PHI,OTT,Mads Sogaard,28.5,OTT
12825,PHI,OTT,Felix Sandstrom,26.5,PHI
12826,TB,MTL,Cayden Primeau,27.5,MTL
12826,TB,MTL,Andrei Vasilevskiy,25.5,TB
12827,DET,FLA,Alex Lyon,29.5,DET
12827,DET,FLA,Sergei Bobrovsky,24.5,FLA
12828,NYI,BOS,Linus Ullmark,27.5,BOS
12828,NYI,BOS,Ilya Sorokin,27.5,NYI
12829,DAL,SJ,Jake Oettinger,23.5,DAL
12829,DAL,SJ,Magnus Chrona,30.5,SJ
12830,CHI,CBJ,Elvis Merzlikins,26.5,CBJ
12830,CHI,CBJ,Arvid Soderblom,28.5,CHI
12831,CGY,PIT,Tristan Jarry,27.5,PIT
12831,CGY,PIT,Jacob Markstrom,27.5,CGY
12832,WSH,ARI,Charlie Lindgren,25.5,WSH
12832,WSH,ARI,Karel Vejmelka,29.5,ARI
12833,LA,NJ,Nico Daws,28.5,NJ
12833,LA,NJ,Cam Talbot,27.5,LA
12834,BUF,WPG,Laurent Brossoit,27.5,WPG
12835,MIN,SJ,Filip Gustavsson,24.5,MIN
12835,MIN,SJ,Kaapo Kahkonen,30.5,SJ
12836,ANA,VAN,Casey DeSmith,23.5,VAN
12837,EDM,PIT,Alex Nedeljkovic,28.5,PIT
12837,EDM,PIT,Calvin Pickard,25.5,EDM
12838,CBJ,VGK,Adin Hill,28.5,VGK
12838,CBJ,VGK,Daniil Tarasov,27.5,CBJ
12839,TOR,BOS,Jeremy Swayman,29.5,BOS
12840,NYR,FLA,Igor Shesterkin,29.5,NYR
12840,NYR,FLA,Sergei Bobrovsky,26.5,FLA
12841,PHI,STL,Samuel Ersson,22.5,PHI
12841,PHI,STL,Jordan Binnington,29.5,STL
12842,COL,CHI,Petr Mrazek,29.5,CHI
12842,COL,CHI,Justus Annunen,24.5,COL
12843,CGY,SEA,Jacob Markstrom,26.5,CGY
12843,CGY,SEA,Philipp Grubauer,26.5,SEA
12844,PIT,CBJ,Tristan Jarry,25.5,PIT
12844,PIT,CBJ,Jet Greaves,29.5,CBJ
12845,NJ,FLA,Akira Schmid,28.5,NJ
12845,NJ,FLA,Anthony Stolarz,28.5,FLA
12846,BOS,EDM,Linus Ullmark,28.5,BOS
12846,BOS,EDM,Stuart Skinner,25.5,EDM
12847,NYI,STL,Ilya Sorokin,25.5,NYI
12847,NYI,STL,Joel Hofer,28.5,STL
12848,WPG,SEA,Connor Hellebuyck,26.5,WPG
12849,NSH,MTL,Jake Allen,28.5,MTL
12849,NSH,MTL,Juuse Saros,25.5,NSH
12850,ARI,CHI,Connor Ingram,25.5,ARI
12850,ARI,CHI,Arvid Soderblom,27.5,CHI
12851,SJ,DAL,Kaapo Kahkonen,30.5,SJ
12851,SJ,DAL,Jake Oettinger,23.5,DAL
12852,LA,VAN,Thatcher Demko,27.5,VAN
12852,LA,VAN,Cam Talbot,25.5,LA
12853,TOR,BUF,Ukko-Pekka Luukkonen,27.5,BUF
12853,TOR,BUF,Ilya Samsonov,26.5,TOR
12854,COL,DET,Alexandar Georgiev,25.5,COL
12854,COL,DET,Alex Lyon,28.5,DET
12855,ANA,OTT,Mads Sogaard,23.5,OTT
12855,ANA,OTT,Lukas Dostal,30.5,ANA
12856,PIT,WSH,Tristan Jarry,24.5,PIT
12857,BOS,TOR,Jeremy Swayman,28.5,BOS
12858,NJ,STL,Jordan Binnington,30.5,STL
12858,NJ,STL,Nico Daws,24.5,NJ
12859,CAR,MTL,Sam Montembeault,30.5,MTL
12859,CAR,MTL,Frederik Andersen,23.5,CAR
12860,FLA,PHI,Samuel Ersson,27.5,PHI
12861,TB,CGY,Jacob Markstrom,26.5,CGY
12861,TB,CGY,Andrei Vasilevskiy,26.5,TB
12862,CBJ,EDM,Daniil Tarasov,29.5,CBJ
12862,CBJ,EDM,Calvin Pickard,25.5,EDM
12863,NSH,BUF,Eric Comrie,27.5,BUF
12864,ARI,MIN,Karel Vejmelka,27.5,ARI
12864,ARI,MIN,Marc-Andre Fleury,25.5,MIN
12865,VGK,VAN,Adin Hill,26.5,VGK
12865,VGK,VAN,Thatcher Demko,25.5,VAN
12866,SJ,NYI,Magnus Chrona,29.5,SJ
12866,SJ,NYI,Ilya Sorokin,24.5,NYI
12867,LA,OTT,Cam Talbot,26.5,LA
12867,LA,OTT,Joonas Korpisalo,27.5,OTT
12868,ARI,DET,Alex Lyon,27.5,DET
12868,ARI,DET,Connor Ingram,27.5,ARI
12869,COL,MIN,Filip Gustavsson,28.5,MIN
12869,COL,MIN,Alexandar Georgiev,26.5,COL
12870,SEA,WPG,Laurent Brossoit,26.5,WPG
12871,ANA,DAL,John Gibson,28.5,ANA
12871,ANA,DAL,Jake Oettinger,22.5,DAL
12872,NJ,CAR,Pyotr Kochetkov,26.5,CAR
12872,NJ,CAR,Nico Daws,27.5,NJ
12873,CBJ,NSH,Daniil Tarasov,29.5,CBJ
12873,CBJ,NSH,Kevin Lankinen,26.5,NSH
12874,BUF,EDM,Stuart Skinner,27.5,EDM
12874,BUF,EDM,Ukko-Pekka Luukkonen,27.5,BUF
12875,BOS,PIT,Linus Ullmark,27.5,BOS
12875,BOS,PIT,Alex Nedeljkovic,26.5,PIT
12876,FLA,CGY,Anthony Stolarz,26.5,FLA
12877,TB,PHI,Andrei Vasilevskiy,26.5,TB
12877,TB,PHI,Samuel Ersson,25.5,PHI
12878,MTL,TOR,Ilya Samsonov,24.5,TOR
12878,MTL,TOR,Sam Montembeault,29.5,MTL
12879,WSH,CHI,Charlie Lindgren,25.5,WSH
12879,WSH,CHI,Petr Mrazek,27.5,CHI
12880,SJ,OTT,Magnus Chrona,29.5,SJ
12880,SJ,OTT,Joonas Korpisalo,23.5,OTT
12881,NYR,STL,Jordan Binnington,28.5,STL
12881,NYR,STL,Igor Shesterkin,26.5,NYR
12882,VAN,WPG,Connor Hellebuyck,27.5,WPG
12882,VAN,WPG,Thatcher Demko,26.5,VAN
12883,VGK,DET,Adin Hill,26.5,VGK
12883,VGK,DET,James Reimer,28.5,DET
12884,LA,DAL,Scott Wedgewood,26.5,DAL
12884,LA,DAL,Cam Talbot,26.5,LA
12885,PIT,EDM,Calvin Pickard,27.5,EDM
12885,PIT,EDM,Tristan Jarry,28.5,PIT
12886,MIN,NSH,Marc-Andre Fleury,26.5,MIN
12886,MIN,NSH,Juuse Saros,26.5,NSH
12887,CAR,CGY,Frederik Andersen,24.5,CAR
12888,CHI,ARI,Arvid Soderblom,27.5,CHI
12888,CHI,ARI,Connor Ingram,26.5,ARI
12889,ANA,NYI,Semyon Varlamov,24.5,NYI
12890,BOS,STL,Joel Hofer,28.5,STL
12891,NYR,NJ,Jonathan Quick,27.5,NYR
12891,NYR,NJ,Kaapo Kahkonen,28.5,NJ
12892,WPG,WSH,Charlie Lindgren,28.5,WSH
12892,WPG,WSH,Connor Hellebuyck,25.5,WPG
12893,LA,NYI,Ilya Sorokin,28.5,NYI
12893,LA,NYI,David Rittich,25.5,LA
12894,OTT,PIT,Joonas Korpisalo,27.5,OTT
12894,OTT,PIT,Tristan Jarry,27.5,PIT
12895,CAR,NYR,Igor Shesterkin,29.5,NYR
12895,CAR,NYR,Pyotr Kochetkov,24.5,CAR
12896,BUF,DET,Alex Lyon,27.5,DET
12896,BUF,DET,Ukko-Pekka Luukkonen,25.5,BUF
12897,MTL,CBJ,Cayden Primeau,26.5,MTL
12897,MTL,CBJ,Elvis Merzlikins,26.5,CBJ
12898,PHI,SJ,Samuel Ersson,21.5,PHI
12898,PHI,SJ,Magnus Chrona,30.5,SJ
12899,DAL,FLA,Sergei Bobrovsky,26.5,FLA
12899,DAL,FLA,Jake Oettinger,27.5,DAL
12900,MIN,ARI,Karel Vejmelka,28.5,ARI
12900,MIN,ARI,Marc-Andre Fleury,25.5,MIN
12901,CHI,ANA,John Gibson,28.5,ANA
12901,CHI,ANA,Petr Mrazek,25.5,CHI
12902,CGY,COL,Dan Vladar,27.5,CGY
12902,CGY,COL,Justus Annunen,27.5,COL
12903,SEA,VGK,Philipp Grubauer,26.5,SEA
12904,STL,LA,Cam Talbot,25.5,LA
12904,STL,LA,Jordan Binnington,28.5,STL
12905,WPG,NSH,Connor Hellebuyck,27.5,WPG
12905,WPG,NSH,Juuse Saros,27.5,NSH
12906,EDM,WSH,Stuart Skinner,24.5,EDM
12906,EDM,WSH,Darcy Kuemper,28.5,WSH
12907,VAN,COL,Casey DeSmith,26.5,VAN
12907,VAN,COL,Alexandar Georgiev,26.5,COL
12908,PIT,SJ,Tristan Jarry,23.5,PIT
12908,PIT,SJ,Magnus Chrona,30.5,SJ
12909,CBJ,OTT,Elvis Merzlikins,27.5,CBJ
12909,CBJ,OTT,Anton Forsberg,27.5,OTT
12910,CAR,FLA,Frederik Andersen,25.5,CAR
12910,CAR,FLA,Sergei Bobrovsky,28.5,FLA
12911,TB,NYR,Igor Shesterkin,27.5,NYR
12911,TB,NYR,Andrei Vasilevskiy,25.5,TB
12912,PHI,TOR,Ilya Samsonov,26.5,TOR
12912,PHI,TOR,Samuel Ersson,25.5,PHI
12913,MTL,BOS,Sam Montembeault,28.5,MTL
12913,MTL,BOS,Linus Ullmark,25.5,BOS
12914,DET,ARI,Alex Lyon,25.5,DET
12914,DET,ARI,Connor Ingram,26.5,ARI
12915,BUF,NYI,Ukko-Pekka Luukkonen,25.5,BUF
12915,BUF,NYI,Ilya Sorokin,27.5,NYI
12916,DAL,NJ,Jake Allen,27.5,NJ
12916,DAL,NJ,Jake Oettinger,25.5,DAL
12917,MIN,ANA,Marc-Andre Fleury,23.5,MIN
12917,MIN,ANA,Lukas Dostal,29.5,ANA
12918,CGY,VGK,Adin Hill,28.5,VGK
12918,CGY,VGK,Dustin Wolf,27.5,CGY
12919,SEA,WSH,Joey Daccord,25.5,SEA
12919,SEA,WSH,Charlie Lindgren,26.5,WSH
12920,WPG,ANA,Laurent Brossoit,22.5,WPG
12920,WPG,ANA,John Gibson,29.5,ANA
12921,CHI,LA,Cam Talbot,26.5,LA
12921,CHI,LA,Arvid Soderblom,28.5,CHI
12922,NYI,OTT,Joonas Korpisalo,26.5,OTT
12922,NYI,OTT,Semyon Varlamov,27.5,NYI
12923,DET,BUF,James Reimer,28.5,DET
12923,DET,BUF,Ukko-Pekka Luukkonen,25.5,BUF
12924,PIT,NYR,Jonathan Quick,28.5,NYR
12924,PIT,NYR,Tristan Jarry,26.5,PIT
12925,ARI,NJ,Kaapo Kahkonen,26.5,NJ
12926,FLA,TB,Andrei Vasilevskiy,27.5,TB
12926,FLA,TB,Sergei Bobrovsky,25.5,FLA
12927,BOS,PHI,Felix Sandstrom,25.5,PHI
12927,BOS,PHI,Jeremy Swayman,27.5,BOS
12928,CGY,MTL,Cayden Primeau,29.5,MTL
12929,TOR,CAR,Ilya Samsonov,27.5,TOR
12929,TOR,CAR,Pyotr Kochetkov,26.5,CAR
12930,CBJ,SJ,Daniil Tarasov,25.5,CBJ
12930,CBJ,SJ,Magnus Chrona,29.5,SJ
12931,DAL,LA,Scott Wedgewood,25.5,DAL
12931,DAL,LA,David Rittich,26.5,LA
12932,STL,MIN,Jordan Binnington,28.5,STL
12932,STL,MIN,Marc-Andre Fleury,24.5,MIN
12933,VAN,WSH,Casey DeSmith,23.5,VAN
12933,VAN,WSH,Charlie Lindgren,25.5,WSH
12934,EDM,COL,Stuart Skinner,27.5,EDM
12934,EDM,COL,Alexandar Georgiev,27.5,COL
12935,SEA,NSH,Philipp Grubauer,27.5,SEA
12936,NYR,NYI,Igor Shesterkin,26.5,NYR
12936,NYR,NYI,Ilya Sorokin,26.5,NYI
12937,VGK,NJ,Jake Allen,27.5,NJ
12937,VGK,NJ,Logan Thompson,26.5,VGK
12938,PIT,DET,Alex Nedeljkovic,25.5,PIT
12939,OTT,CAR,Anton Forsberg,28.5,OTT
12940,CBJ,WPG,Elvis Merzlikins,28.5,CBJ
12940,CBJ,WPG,Connor Hellebuyck,27.5,WPG
12941,CHI,SJ,Devin Cooley,27.5,SJ
12941,CHI,SJ,Petr Mrazek,26.5,CHI
12942,STL,ANA,Joel Hofer,24.5,STL
12942,STL,ANA,Lukas Dostal,28.5,ANA
12943,CGY,WSH,Dustin Wolf,25.5,CGY
12943,CGY,WSH,Charlie Lindgren,27.5,WSH
12944,SEA,BUF,Joey Daccord,27.5,SEA
12944,SEA,BUF,Ukko-Pekka Luukkonen,25.5,BUF
12945,BOS,OTT,Linus Ullmark,26.5,BOS
12945,BOS,OTT,Joonas Korpisalo,26.5,OTT
12946,NYR,WPG,Igor Shesterkin,27.5,NYR
12946,NYR,WPG,Connor Hellebuyck,27.5,WPG
12947,NJ,PIT,Tristan Jarry,27.5,PIT
12947,NJ,PIT,Jake Allen,28.5,NJ
12948,DET,CBJ,Daniil Tarasov,28.5,CBJ
12948,DET,CBJ,James Reimer,27.5,DET
12949,PHI,TOR,Ilya Samsonov,26.5,TOR
12949,PHI,TOR,Samuel Ersson,25.5,PHI
12950,NYI,CAR,Pyotr Kochetkov,25.5,CAR
12950,NYI,CAR,Ilya Sorokin,28.5,NYI
12951,STL,COL,Justus Annunen,25.5,COL
12951,STL,COL,Jordan Binnington,30.5,STL
12952,NSH,SJ,Juuse Saros,24.5,NSH
12952,NSH,SJ,Magnus Chrona,29.5,SJ
12953,EDM,MTL,Sam Montembeault,30.5,MTL
12953,EDM,MTL,Calvin Pickard,24.5,EDM
12954,VAN,BUF,Casey DeSmith,25.5,VAN
12955,ANA,MIN,John Gibson,28.5,ANA
12955,ANA,MIN,Filip Gustavsson,24.5,MIN
12956,VGK,TB,Andrei Vasilevskiy,27.5,TB
12956,VGK,TB,Adin Hill,25.5,VGK
12957,LA,CHI,Petr Mrazek,29.5,CHI
12957,LA,CHI,Cam Talbot,25.5,LA
12958,WSH,TOR,Charlie Lindgren,27.5,WSH
12958,WSH,TOR,Joseph Woll,26.5,TOR
12959,DAL,ARI,Jake Oettinger,24.5,DAL
12959,DAL,ARI,Connor Ingram,28.5,ARI
12960,LA,MIN,David Rittich,24.5,LA
12960,LA,MIN,Marc-Andre Fleury,27.5,MIN
12961,NJ,WPG,Laurent Brossoit,26.5,WPG
12961,NJ,WPG,Jake Allen,27.5,NJ
12962,OTT,STL,Anton Forsberg,25.5,OTT
12962,OTT,STL,Joel Hofer,29.5,STL
12963,BOS,NYR,Jonathan Quick,26.5,NYR
12963,BOS,NYR,Jeremy Swayman,27.5,BOS
12964,DET,NYI,Ilya Sorokin,25.5,NYI
12964,DET,NYI,James Reimer,27.5,DET
12965,CAR,PHI,Samuel Ersson,27.5,PHI
12965,CAR,PHI,Frederik Andersen,24.5,CAR
12966,FLA,NSH,Kevin Lankinen,28.5,NSH
12966,FLA,NSH,Sergei Bobrovsky,26.5,FLA
12967,EDM,BUF,Stuart Skinner,25.5,EDM
12967,EDM,BUF,Ukko-Pekka Luukkonen,28.5,BUF
12968,VAN,MTL,Sam Montembeault,27.5,MTL
12968,VAN,MTL,Casey DeSmith,23.5,VAN
12969,ANA,CHI,Arvid Soderblom,26.5,CHI
12969,ANA,CHI,Lukas Dostal,27.5,ANA
12970,VGK,SEA,Logan Thompson,25.5,VGK
12970,VGK,SEA,Philipp Grubauer,27.5,SEA
12971,SJ,TB,Mackenzie Blackwood,28.5,SJ
12971,SJ,TB,Andrei Vasilevskiy,25.5,TB
12972,WSH,CAR,Darcy Kuemper,28.5,WSH
12972,WSH,CAR,Pyotr Kochetkov,24.5,CAR
12973,DAL,PIT,Jake Oettinger,26.5,DAL
12973,DAL,PIT,Tristan Jarry,29.5,PIT
12974,COL,CBJ,Alexandar Georgiev,25.5,COL
12974,COL,CBJ,Elvis Merzlikins,30.5,CBJ
12975,ARI,SEA,Karel Vejmelka,26.5,ARI
12976,PHI,BOS,Linus Ullmark,27.5,BOS
12976,PHI,BOS,Samuel Ersson,24.5,PHI
12977,NYI,WPG,Semyon Varlamov,26.5,NYI
12977,NYI,WPG,Connor Hellebuyck,27.5,WPG
12979,NSH,DET,Alex Lyon,29.5,DET
12980,TOR,EDM,Ilya Samsonov,27.5,TOR
12980,TOR,EDM,Stuart Skinner,27.5,EDM
12981,NJ,OTT,Jake Allen,28.5,NJ
12981,NJ,OTT,Joonas Korpisalo,26.5,OTT
12982,NYR,FLA,Sergei Bobrovsky,27.5,FLA
12982,NYR,FLA,Igor Shesterkin,27.5,NYR
12983,VAN,CGY,Casey DeSmith,24.5,VAN
12983,VAN,CGY,Jacob Markstrom,26.5,CGY
12984,SJ,CHI,Petr Mrazek,26.5,CHI
12984,SJ,CHI,Devin Cooley,26.5,SJ
12985,LA,TB,Cam Talbot,24.5,LA
12985,LA,TB,Andrei Vasilevskiy,28.5,TB
12986,VGK,CBJ,Daniil Tarasov,29.5,CBJ
12986,VGK,CBJ,Adin Hill,25.5,VGK
12987,WSH,WPG,Connor Hellebuyck,26.5,WPG
12987,WSH,WPG,Charlie Lindgren,27.5,WSH
12988,COL,PIT,Alex Nedeljkovic,30.5,PIT
12989,NYI,NJ,Ilya Sorokin,26.5,NYI
12989,NYI,NJ,Kaapo Kahkonen,27.5,NJ
12990,CAR,TOR,Frederik Andersen,24.5,CAR
12990,CAR,TOR,Joseph Woll,29.5,TOR
12991,OTT,EDM,Calvin Pickard,27.5,EDM
12992,PHI,FLA,Anthony Stolarz,27.5,FLA
12992,PHI,FLA,Felix Sandstrom,27.5,PHI
12993,ARI,DAL,Connor Ingram,27.5,ARI
12993,ARI,DAL,Jake Oettinger,24.5,DAL
12994,ANA,TB,Lukas Dostal,27.5,ANA
12994,ANA,TB,Jonas Johansson,24.5,TB
12995,CGY,BUF,Ukko-Pekka Luukkonen,27.5,BUF
12995,CGY,BUF,Dustin Wolf,26.5,CGY
12996,SEA,MTL,Cayden Primeau,26.5,MTL
12996,SEA,MTL,Philipp Grubauer,25.5,SEA
12997,STL,VGK,Logan Thompson,25.5,VGK
12997,STL,VGK,Jordan Binnington,29.5,STL
12998,VAN,LA,Cam Talbot,26.5,LA
12999,WSH,DET,Alex Lyon,26.5,DET
12999,WSH,DET,Charlie Lindgren,25.5,WSH
13000,FLA,BOS,Jeremy Swayman,28.5,BOS
13000,FLA,BOS,Sergei Bobrovsky,24.5,FLA
13001,NYR,PHI,Igor Shesterkin,26.5,NYR
13001,NYR,PHI,Samuel Ersson,26.5,PHI
13002,PIT,CAR,Alex Nedeljkovic,28.5,PIT
13002,PIT,CAR,Pyotr Kochetkov,27.5,CAR
13003,TOR,NJ,Jake Allen,28.5,NJ
13003,TOR,NJ,Joseph Woll,26.5,TOR
13004,WPG,EDM,Connor Hellebuyck,28.5,WPG
13004,WPG,EDM,Stuart Skinner,27.5,EDM
13005,NSH,VGK,Juuse Saros,26.5,NSH
13006,CHI,CGY,Petr Mrazek,27.5,CHI
13006,CHI,CGY,Jacob Markstrom,26.5,CGY
13007,COL,MTL,Justus Annunen,24.5,COL
13007,COL,MTL,Sam Montembeault,30.5,MTL
13008,SEA,ANA,Joey Daccord,24.5,SEA
13009,ARI,CBJ,Elvis Merzlikins,27.5,CBJ
13009,ARI,CBJ,Karel Vejmelka,27.5,ARI
13010,SJ,DAL,Mackenzie Blackwood,28.5,SJ
13010,SJ,DAL,Scott Wedgewood,24.5,DAL
13011,BUF,OTT,Joonas Korpisalo,26.5,OTT
13011,BUF,OTT,Ukko-Pekka Luukkonen,26.5,BUF
13012,TB,BOS,Andrei Vasilevskiy,25.5,TB
13012,TB,BOS,Linus Ullmark,25.5,BOS
13013,PIT,CBJ,Alex Nedeljkovic,26.5,PIT
13013,PIT,CBJ,Daniil Tarasov,30.5,CBJ
13014,OTT,CHI,Petr Mrazek,28.5,CHI
13014,OTT,CHI,Anton Forsberg,25.5,OTT
13015,FLA,NYI,Anthony Stolarz,26.5,FLA
13015,FLA,NYI,Semyon Varlamov,28.5,NYI
13016,MTL,PHI,Cayden Primeau,28.5,MTL
13016,MTL,PHI,Samuel Ersson,24.5,PHI
13017,TOR,WSH,Charlie Lindgren,27.5,WSH
13017,TOR,WSH,Joseph Woll,24.5,TOR
13018,CAR,DET,Frederik Andersen,23.5,CAR
13018,CAR,DET,James Reimer,31.5,DET
13019,MIN,SJ,Filip Gustavsson,24.5,MIN
13019,MIN,SJ,Mackenzie Blackwood,29.5,SJ
13020,STL,CGY,Jordan Binnington,28.5,STL
13020,STL,CGY,Dustin Wolf,26.5,CGY
13021,WPG,VGK,Connor Hellebuyck,28.5,WPG
13021,WPG,VGK,Logan Thompson,26.5,VGK
13022,EDM,LA,Cam Talbot,28.5,LA
13022,EDM,LA,Stuart Skinner,26.5,EDM
13023,COL,NYR,Igor Shesterkin,29.5,NYR
13023,COL,NYR,Alexandar Georgiev,25.5,COL
13024,SEA,ANA,Philipp Grubauer,24.5,SEA
13025,ARI,NSH,Connor Ingram,28.5,ARI
13026,VAN,DAL,Jake Oettinger,25.5,DAL
13026,VAN,DAL,Casey DeSmith,25.5,VAN
13027,BUF,NJ,Jake Allen,28.5,NJ
13027,BUF,NJ,Devon Levi,26.5,BUF
13028,FLA,DET,Alex Lyon,29.5,DET
13028,FLA,DET,Sergei Bobrovsky,24.5,FLA
13029,MIN,VGK,Filip Gustavsson,27.5,MIN
13029,MIN,VGK,Logan Thompson,27.5,VGK
13032,ARI,NYR,Karel Vejmelka,27.5,ARI
13032,ARI,NYR,Jonathan Quick,25.5,NYR
13033,MTL,CAR,Pyotr Kochetkov,23.5,CAR
13033,MTL,CAR,Sam Montembeault,29.5,MTL
13034,WPG,OTT,Connor Hellebuyck,27.5,WPG
13034,WPG,OTT,Joonas Korpisalo,27.5,OTT
13035,PHI,CHI,Arvid Soderblom,29.5,CHI
13035,PHI,CHI,Samuel Ersson,23.5,PHI
13036,CBJ,PIT,Elvis Merzlikins,29.5,CBJ
13036,CBJ,PIT,Alex Nedeljkovic,26.5,PIT
13037,TB,NYI,Semyon Varlamov,26.5,NYI
13037,TB,NYI,Andrei Vasilevskiy,25.5,TB
13038,WSH,BOS,Jeremy Swayman,25.5,BOS
13038,WSH,BOS,Charlie Lindgren,25.5,WSH
13039,BUF,TOR,Ukko-Pekka Luukkonen,26.5,BUF
13039,BUF,TOR,Ilya Samsonov,26.5,TOR
13040,STL,SJ,Joel Hofer,25.5,STL
13040,STL,SJ,Mackenzie Blackwood,28.5,SJ
13041,SEA,DAL,Jake Oettinger,25.5,DAL
13041,SEA,DAL,Joey Daccord,27.5,SEA
13042,CGY,LA,Jacob Markstrom,26.5,CGY
13042,CGY,LA,David Rittich,26.5,LA
13043,VAN,ANA,Lukas Dostal,28.5,ANA
13043,VAN,ANA,Arturs Silovs,23.5,VAN
13044,TB,DET,Alex Lyon,27.5,DET
13044,TB,DET,Andrei Vasilevskiy,24.5,TB
13045,PHI,NYI,Samuel Ersson,24.5,PHI
13045,PHI,NYI,Semyon Varlamov,28.5,NYI
13046,CBJ,COL,Daniil Tarasov,31.5,CBJ
13046,CBJ,COL,Justus Annunen,26.5,COL
13047,NYR,PIT,Igor Shesterkin,27.5,NYR
13048,TOR,FLA,Ilya Samsonov,27.5,TOR
13048,TOR,FLA,Sergei Bobrovsky,26.5,FLA
13049,STL,EDM,Jordan Binnington,29.5,STL
13049,STL,EDM,Stuart Skinner,25.5,EDM
13050,WPG,LA,Cam Talbot,27.5,LA
13050,WPG,LA,Laurent Brossoit,26.5,WPG
13051,SJ,SEA,Mackenzie Blackwood,26.5,SJ
13052,MTL,FLA,Anthony Stolarz,24.5,FLA
13052,MTL,FLA,Sam Montembeault,28.5,MTL
13053,BUF,WSH,Charlie Lindgren,27.5,WSH
13053,BUF,WSH,Ukko-Pekka Luukkonen,24.5,BUF
13054,NJ,PIT,Alex Nedeljkovic,28.5,PIT
13054,NJ,PIT,Jake Allen,27.5,NJ
13055,NYI,CHI,Petr Mrazek,28.5,CHI
13055,NYI,CHI,Ilya Sorokin,24.5,NYI
13056,MIN,OTT,Joonas Korpisalo,26.5,OTT
13056,MIN,OTT,Marc-Andre Fleury,25.5,MIN
13057,NSH,BOS,Linus Ullmark,28.5,BOS
13057,NSH,BOS,Juuse Saros,25.5,NSH
13058,CGY,ANA,Lukas Dostal,29.5,ANA
13058,CGY,ANA,Jacob Markstrom,23.5,CGY
13059,VGK,VAN,Logan Thompson,25.5,VGK
13059,VGK,VAN,Casey DeSmith,26.5,VAN
13060,NYR,NJ,Kaapo Kahkonen,29.5,NJ
13060,NYR,NJ,Igor Shesterkin,26.5,NYR
13061,TOR,TB,Joseph Woll,25.5,TOR
13061,TOR,TB,Andrei Vasilevskiy,27.5,TB
13062,DAL,EDM,Calvin Pickard,27.5,EDM
13062,DAL,EDM,Jake Oettinger,26.5,DAL
13063,LA,SEA,Philipp Grubauer,26.5,SEA
13063,LA,SEA,Cam Talbot,25.5,LA
13064,ARI,VAN,Connor Ingram,26.5,ARI
13064,ARI,VAN,Arturs Silovs,25.5,VAN
13065,CBJ,NYI,Daniil Tarasov,29.5,CBJ
13065,CBJ,NYI,Ilya Sorokin,25.5,NYI
13066,MTL,TB,Matt Tomkins,25.5,TB
13066,MTL,TB,Cayden Primeau,26.5,MTL
13067,CAR,BOS,Frederik Andersen,23.5,CAR
13067,CAR,BOS,Jeremy Swayman,29.5,BOS
13068,OTT,FLA,Joonas Korpisalo,27.5,OTT
13068,OTT,FLA,Sergei Bobrovsky,26.5,FLA
13069,WSH,PIT,Charlie Lindgren,27.5,WSH
13069,WSH,PIT,Alex Nedeljkovic,25.5,PIT
13070,MIN,COL,Justus Annunen,26.5,COL
13070,MIN,COL,Filip Gustavsson,28.5,MIN
13071,NSH,STL,Jordan Binnington,29.5,STL
13071,NSH,STL,Juuse Saros,25.5,NSH
13072,WPG,CGY,Dustin Wolf,27.5,CGY
13072,WPG,CGY,Connor Hellebuyck,27.5,WPG
13073,SJ,LA,Mackenzie Blackwood,29.5,SJ
13073,SJ,LA,David Rittich,23.5,LA
13074,DET,NYR,Jonathan Quick,25.5,NYR
13074,DET,NYR,Alex Lyon,28.5,DET
13075,CAR,WSH,Darcy Kuemper,29.5,WSH
13075,CAR,WSH,Pyotr Kochetkov,23.5,CAR
13076,BUF,PHI,Ukko-Pekka Luukkonen,27.5,BUF
13076,BUF,PHI,Ivan Fedotov,26.5,PHI
13077,EDM,COL,Stuart Skinner,28.5,EDM
13077,EDM,COL,Alexandar Georgiev,27.5,COL
13078,ANA,SEA,Lukas Dostal,27.5,ANA
13079,ARI,VGK,Logan Thompson,26.5,VGK
13079,ARI,VGK,Karel Vejmelka,28.5,ARI
13080,PIT,TB,Alex Nedeljkovic,26.5,PIT
13081,BOS,FLA,Linus Ullmark,27.5,BOS
13081,BOS,FLA,Sergei Bobrovsky,24.5,FLA
13082,MIN,WPG,Connor Hellebuyck,27.5,WPG
13083,CHI,DAL,Petr Mrazek,28.5,CHI
13083,CHI,DAL,Scott Wedgewood,24.5,DAL
13084,SJ,STL,Devin Cooley,27.5,SJ
13085,MTL,TOR,Sam Montembeault,28.5,MTL
13085,MTL,TOR,Ilya Samsonov,25.5,TOR
13086,OTT,NJ,Jake Allen,28.5,NJ
13086,OTT,NJ,Anton Forsberg,26.5,OTT
13087,CBJ,PHI,Jet Greaves,29.5,CBJ
13088,NYI,NSH,Kevin Lankinen,27.5,NSH
13088,NYI,NSH,Semyon Varlamov,27.5,NYI
13089,LA,VAN,Cam Talbot,25.5,LA
13090,CGY,EDM,Jacob Markstrom,27.5,CGY
13090,CGY,EDM,Calvin Pickard,26.5,EDM
13091,DET,BUF,Alex Lyon,27.5,DET
13092,CHI,MIN,Jesper Wallstedt,25.5,MIN
13092,CHI,MIN,Arvid Soderblom,27.5,CHI
13093,CAR,CBJ,Malcolm Subban,30.5,CBJ
13093,CAR,CBJ,Frederik Andersen,23.5,CAR
13094,WSH,OTT,Charlie Lindgren,26.5,WSH
13094,WSH,OTT,Joonas Korpisalo,24.5,OTT
13095,SJ,ARI,Mackenzie Blackwood,27.5,SJ
13095,SJ,ARI,Connor Ingram,25.5,ARI
13096,NJ,NSH,Juuse Saros,26.5,NSH
13096,NJ,NSH,Kaapo Kahkonen,28.5,NJ
13097,NYR,MTL,Cayden Primeau,28.5,MTL
13097,NYR,MTL,Igor Shesterkin,24.5,NYR
13098,ANA,STL,Lukas Dostal,28.5,ANA
13098,ANA,STL,Jordan Binnington,25.5,STL
13099,COL,DAL,Jake Oettinger,27.5,DAL
13099,COL,DAL,Alexandar Georgiev,27.5,COL
13100,TOR,PIT,Ilya Samsonov,26.5,TOR
13100,TOR,PIT,Alex Nedeljkovic,27.5,PIT
13101,VAN,VGK,Arturs Silovs,26.5,VAN
13102,DET,WSH,Alex Lyon,26.5,DET
13102,DET,WSH,Charlie Lindgren,26.5,WSH
13103,FLA,OTT,Joonas Korpisalo,27.5,OTT
13104,MTL,PHI,Sam Montembeault,28.5,MTL
13104,MTL,PHI,Samuel Ersson,23.5,PHI
13105,NJ,TOR,Jake Allen,27.5,NJ
13105,NJ,TOR,Joseph Woll,25.5,TOR
13106,NYI,NYR,Semyon Varlamov,27.5,NYI
13106,NYI,NYR,Igor Shesterkin,26.5,NYR
13107,TB,CBJ,Andrei Vasilevskiy,24.5,TB
13107,TB,CBJ,Jet Greaves,28.5,CBJ
13108,BOS,CAR,Pyotr Kochetkov,23.5,CAR
13108,BOS,CAR,Jeremy Swayman,28.5,BOS
13109,DAL,BUF,Jake Oettinger,25.5,DAL
13109,DAL,BUF,Ukko-Pekka Luukkonen,28.5,BUF
13110,NSH,WPG,Juuse Saros,26.5,NSH
13110,NSH,WPG,Connor Hellebuyck,28.5,WPG
13111,COL,MIN,Alexandar Georgiev,26.5,COL
13111,COL,MIN,Filip Gustavsson,28.5,MIN
13112,SEA,ARI,Karel Vejmelka,26.5,ARI
13112,SEA,ARI,Philipp Grubauer,24.5,SEA
13113,ANA,LA,Cam Talbot,24.5,LA
13113,ANA,LA,Lukas Dostal,27.5,ANA
13114,SJ,CGY,Mackenzie Blackwood,28.5,SJ
13114,SJ,CGY,Dustin Wolf,25.5,CGY
13115,STL,CHI,Joel Hofer,25.5,STL
13115,STL,CHI,Petr Mrazek,28.5,CHI
13116,EDM,VGK,Adin Hill,28.5,VGK
13116,EDM,VGK,Stuart Skinner,26.5,EDM
13117,VAN,ARI,Arturs Silovs,24.5,VAN
13117,VAN,ARI,Connor Ingram,28.5,ARI
13118,TOR,NJ,Ilya Samsonov,24.5,TOR
13118,TOR,NJ,Jake Allen,28.5,NJ
13119,BUF,WSH,Charlie Lindgren,28.5,WSH
13119,BUF,WSH,Ukko-Pekka Luukkonen,24.5,BUF
13120,NYR,PHI,Jonathan Quick,27.5,NYR
13120,NYR,PHI,Samuel Ersson,25.5,PHI
13121,PIT,DET,Alex Lyon,28.5,DET
13121,PIT,DET,Alex Nedeljkovic,25.5,PIT
13122,TB,OTT,Matt Tomkins,26.5,TB
13122,TB,OTT,Anton Forsberg,26.5,OTT
13123,NYI,MTL,Sam Montembeault,28.5,MTL
13123,NYI,MTL,Semyon Varlamov,25.5,NYI
13124,FLA,CBJ,Jet Greaves,30.5,CBJ
13124,FLA,CBJ,Sergei Bobrovsky,24.5,FLA
13125,DAL,WPG,Laurent Brossoit,28.5,WPG
13125,DAL,WPG,Jake Oettinger,25.5,DAL
13126,SEA,SJ,Devin Cooley,27.5,SJ
13126,SEA,SJ,Joey Daccord,23.5,SEA
13127,LA,CGY,Jacob Markstrom,26.5,CGY
13127,LA,CGY,Cam Talbot,26.5,LA
13128,STL,CAR,Frederik Andersen,23.5,CAR
13128,STL,CAR,Jordan Binnington,30.5,STL
13129,CHI,NSH,Kevin Lankinen,25.5,NSH
13129,CHI,NSH,Arvid Soderblom,29.5,CHI
13130,EDM,ARI,Karel Vejmelka,28.5,ARI
13130,EDM,ARI,Calvin Pickard,24.5,EDM
13131,ANA,CGY,John Gibson,28.5,ANA
13132,VGK,MIN,Logan Thompson,26.5,VGK
13132,VGK,MIN,Marc-Andre Fleury,26.5,MIN
13133,NYR,NYI,Ilya Sorokin,27.5,NYI
13133,NYR,NYI,Igor Shesterkin,25.5,NYR
13134,DAL,SEA,Jake Oettinger,24.5,DAL
13135,COL,WPG,Connor Hellebuyck,30.5,WPG
13136,FLA,BUF,Ukko-Pekka Luukkonen,28.5,BUF
13136,FLA,BUF,Sergei Bobrovsky,25.5,FLA
13137,PHI,NJ,Samuel Ersson,23.5,PHI
13137,PHI,NJ,Kaapo Kahkonen,29.5,NJ
13138,WSH,TB,Andrei Vasilevskiy,24.5,TB
13138,WSH,TB,Charlie Lindgren,26.5,WSH
13139,TOR,DET,James Reimer,29.5,DET
13139,TOR,DET,Ilya Samsonov,25.5,TOR
13140,OTT,MTL,Joonas Korpisalo,23.5,OTT
13140,OTT,MTL,Cayden Primeau,28.5,MTL
13141,PIT,BOS,Linus Ullmark,27.5,BOS
13141,PIT,BOS,Alex Nedeljkovic,25.5,PIT
13142,NSH,CBJ,Jet Greaves,31.5,CBJ
13143,EDM,VAN,Stuart Skinner,25.5,EDM
13143,EDM,VAN,Casey DeSmith,26.5,VAN
13144,SJ,MIN,Jesper Wallstedt,25.5,MIN
13144,SJ,MIN,Mackenzie Blackwood,27.5,SJ
13145,LA,ANA,David Rittich,22.5,LA
13145,LA,ANA,Lukas Dostal,29.5,ANA
13146,STL,SEA,Joey Daccord,25.5,SEA
13146,STL,SEA,Joel Hofer,26.5,STL
13147,VGK,COL,Adin Hill,27.5,VGK
13147,VGK,COL,Alexandar Georgiev,26.5,COL
13148,CHI,CAR,Pyotr Kochetkov,23.5,CAR
13148,CHI,CAR,Petr Mrazek,30.5,CHI
13149,CGY,ARI,Connor Ingram,28.5,ARI
13149,CGY,ARI,Dustin Wolf,25.5,CGY
13150,DET,MTL,Sam Montembeault,27.5,MTL
13150,DET,MTL,Alex Lyon,25.5,DET
13151,PIT,NSH,Juuse Saros,27.5,NSH
13151,PIT,NSH,Alex Nedeljkovic,28.5,PIT
13152,WSH,BOS,Charlie Lindgren,25.5,WSH
13152,WSH,BOS,Jeremy Swayman,25.5,BOS
13153,NJ,NYI,Semyon Varlamov,25.5,NYI
13153,NJ,NYI,Jake Allen,27.5,NJ
13154,TB,BUF,Eric Comrie,26.5,BUF
13154,TB,BUF,Andrei Vasilevskiy,25.5,TB
13155,NYR,OTT,Igor Shesterkin,25.5,NYR
13155,NYR,OTT,Joonas Korpisalo,27.5,OTT
13156,EDM,SJ,Stuart Skinner,22.5,EDM
13156,EDM,SJ,Devin Cooley,30.5,SJ
13157,LA,MIN,Cam Talbot,25.5,LA
13157,LA,MIN,Filip Gustavsson,27.5,MIN
13158,CBJ,CAR,Spencer Martin,25.5,CAR
13158,CBJ,CAR,Jet Greaves,29.5,CBJ
13159,MTL,DET,Cayden Primeau,27.5,MTL
13159,MTL,DET,James Reimer,26.5,DET
13160,BOS,OTT,Anton Forsberg,25.5,OTT
13160,BOS,OTT,Linus Ullmark,26.5,BOS
13161,PHI,WSH,Charlie Lindgren,28.5,WSH
13161,PHI,WSH,Samuel Ersson,22.5,PHI
13162,FLA,TOR,Joseph Woll,28.5,TOR
13162,FLA,TOR,Anthony Stolarz,26.5,FLA
13163,WPG,SEA,Connor Hellebuyck,26.5,WPG
13164,VAN,CGY,Jacob Markstrom,26.5,CGY
13164,VAN,CGY,Thatcher Demko,25.5,VAN
13165,VGK,CHI,Logan Thompson,23.5,VGK
13165,VGK,CHI,Petr Mrazek,29.5,CHI
13166,TB,TOR,Martin Jones,25.5,TOR
13166,TB,TOR,Matt Tomkins,26.5,TB
13167,NYI,PIT,Alex Nedeljkovic,26.5,PIT
13167,NYI,PIT,Ilya Sorokin,26.5,NYI
13168,DAL,STL,Jordan Binnington,29.5,STL
13168,DAL,STL,Jake Oettinger,24.5,DAL
13169,ARI,EDM,Calvin Pickard,25.5,EDM
13169,ARI,EDM,Connor Ingram,28.5,ARI
13170,MIN,SEA,Marc-Andre Fleury,25.5,MIN
13171,WPG,VAN,Laurent Brossoit,25.5,WPG
13171,WPG,VAN,Thatcher Demko,26.5,VAN
13172,CGY,SJ,Dustin Wolf,23.5,CGY
13172,CGY,SJ,Devin Cooley,29.5,SJ
13173,COL,EDM,Justus Annunen,27.5,COL
13174,VGK,ANA,Adin Hill,23.5,VGK
13175,LA,CHI,Cam Talbot,22.5,LA
13175,LA,CHI,Arvid Soderblom,29.5,CHI
13288,BUF,CHI,Ukko-Pekka Luukkonen,23.5,BUF
