goalie_name,event_id,opening_line,team
Juuse Saros,11864,30.5,NSH
Jonas Johansson,11864,26.5,TB
Tristan Jarry,11865,25.5,PIT
Petr Mrazek,11865,31.5,CHI
Philipp Grubauer,11866,26.5,SEA
Adin Hill,11866,26.5,VGK
Ilya Samsonov,11867,25.5,VGK
Jake Allen,11867,30.5,NJ
Frederik Andersen,11868,25.5,CAR
Joonas Korpisalo,11868,31.5,BOS
Arvid Soderblom,11869,30.5,CHI
Linus Ullmark,11869,25.5,OTT
Cam Talbot,11870,27.5,DET
Alexandar Georgiev,11870,27.5,COL
Thatcher Demko,11871,28.5,VAN
Stuart Skinner,11871,26.5,EDM
Jack Campbell,11871,26.5,DET
Connor Hellebuyck,11872,29.5,WPG
Jacob Markstrom,11872,26.5,NJ
Carter Hart,11873,27.5,PHI
Elvis Merzlikins,11873,28.5,CBJ
Devon Levi,11874,27.5,BUF
Igor Shesterkin,11874,28.5,NYR
Vitek Vanecek,11875,25.5,SJ
Ville Husso,11875,28.5,DET
Jordan Binnington,11876,28.5,STL
Jake Oettinger,11876,25.5,DAL
Filip Gustavsson,11877,28.5,MIN
Sergei Bobrovsky,11877,27.5,FLA
Philipp Grubauer,11878,25.5,SEA
Juuse Saros,11878,27.5,NSH
Kaapo Kahkonen,11879,28.5,COL
Logan Thompson,11879,26.5,WSH
Akira Schmid,11880,24.5,VGK
Karel Vejmelka,11880,29.5,UTA
Charlie Lindgren,11881,28.5,WSH
Tristan Jarry,11881,27.5,PIT
Carter Hart,11882,29.5,PHI
Sergei Bobrovsky,11883,29.5,FLA
Jonas Johansson,11884,26.5,TB
Ville Husso,11884,26.5,DET
Jacob Markstrom,11885,27.5,NJ
Alex Nedeljkovic,11885,28.5,PIT
Sam Montembeault,11886,27.5,MTL
Petr Mrazek,11886,29.5,CHI
Jeremy Swayman,11887,25.5,BOS
Juuse Saros,11887,28.5,NSH
Ilya Samsonov,11888,25.5,VGK
Filip Gustavsson,11888,30.5,MIN
Igor Shesterkin,11889,27.5,NYR
Elvis Merzlikins,11889,28.5,CBJ
Ilya Sorokin,11890,27.5,NYI
Devon Levi,11890,28.5,BUF
Jordan Binnington,11891,27.5,STL
Joey Daccord,11891,25.5,SEA
Alexandar Georgiev,11892,24.5,COL
Mackenzie Blackwood,11892,29.5,NJ
Stuart Skinner,11893,26.5,EDM
Casey DeSmith,11893,29.5,DAL
Adin Hill,11894,24.5,VGK
John Gibson,11894,31.5,ANA
Pheonix Copley,11895,28.5,LA
Frederik Andersen,11895,26.5,CAR
Joonas Korpisalo,11896,27.5,BOS
Matt Tomkins,11896,29.5,TB
Antti Raanta,11897,22.5,FA
Lukas Dostal,11897,32.5,ANA
James Reimer,11898,27.5,ANA
Spencer Martin,11898,28.5,CAR
Arvid Soderblom,11899,31.5,CHI
Joseph Woll,11899,25.5,TOR
Connor Ingram,11900,29.5,UTA
Igor Shesterkin,11900,24.5,NYR
Darcy Kuemper,11901,29.5,LA
Vitek Vanecek,11902,27.5,SJ
Sergei Bobrovsky,11902,28.5,FLA
Marc-Andre Fleury,11903,27.5,MIN
Sam Montembeault,11903,27.5,MTL
Thatcher Demko,11904,27.5,VAN
Carter Hart,11904,25.5,PHI
Karel Vejmelka,11905,28.5,UTA
Ilya Sorokin,11905,25.5,NYI
Devon Levi,11906,26.5,BUF
Jonas Johansson,11906,28.5,TB
Connor Hellebuyck,11907,26.5,WPG
Cam Talbot,11907,27.5,DET
Jack Campbell,11908,26.5,DET
Juuse Saros,11908,29.5,NSH
Alexandar Georgiev,11909,26.5,COL
Philipp Grubauer,11909,28.5,SEA
Jake Oettinger,11910,25.5,DAL
Adin Hill,11910,27.5,VGK
Mackenzie Blackwood,11911,30.5,NJ
Frederik Andersen,11911,22.5,CAR
Anton Forsberg,11912,25.5,OTT
Darcy Kuemper,11912,30.5,LA
Ville Husso,11913,27.5,DET
Tristan Jarry,11913,27.5,PIT
Juuse Saros,11914,27.5,NSH
Igor Shesterkin,11914,25.5,NYR
Sergei Bobrovsky,11915,28.5,FLA
Ilya Samsonov,11915,27.5,VGK
Devon Levi,11916,28.5,BUF
Dan Vladar,11916,25.5,CGY
Jonas Johansson,11917,25.5,TB
Thatcher Demko,11917,28.5,VAN
Carter Hart,11918,27.5,PHI
Jack Campbell,11918,27.5,DET
Logan Thompson,11919,28.5,WSH
Laurent Brossoit,11919,25.5,CHI
Connor Ingram,11920,28.5,UTA
Joel Hofer,11920,25.5,STL
Marc-Andre Fleury,11921,27.5,MIN
Cam Talbot,11921,25.5,DET
Joey Daccord,11922,27.5,SEA
Antti Raanta,11922,24.5,FA
Jake Oettinger,11923,23.5,DAL
John Gibson,11923,31.5,ANA
Linus Ullmark,11924,25.5,OTT
Kaapo Kahkonen,11924,29.5,COL
Petr Mrazek,11925,31.5,CHI
Alexandar Georgiev,11925,25.5,COL
Elvis Merzlikins,11926,31.5,CBJ
Ilya Sorokin,11927,27.5,NYI
Akira Schmid,11927,27.5,VGK
Joonas Korpisalo,11928,26.5,BOS
Ville Husso,11928,28.5,DET
Karel Vejmelka,11929,26.5,UTA
Eric Comrie,11930,27.5,WPG
Semyon Varlamov,11930,28.5,NYI
Casey DeSmith,11931,28.5,DAL
Sergei Bobrovsky,11931,25.5,FLA
Darcy Kuemper,11932,27.5,LA
Jake Allen,11932,26.5,NJ
Ilya Samsonov,11933,26.5,VGK
Jonas Johansson,11933,29.5,TB
Mackenzie Blackwood,11934,28.5,NJ
Juuse Saros,11934,24.5,NSH
Arvid Soderblom,11935,27.5,CHI
Adin Hill,11935,26.5,VGK
Filip Gustavsson,11936,26.5,MIN
Elvis Merzlikins,11936,29.5,CBJ
Samuel Ersson,11937,28.5,PHI
Scott Wedgewood,11937,25.5,NSH
Tristan Jarry,11938,25.5,PIT
Jordan Binnington,11938,29.5,STL
Alexandar Georgiev,11939,28.5,COL
Antti Raanta,11939,27.5,FA
Connor Hellebuyck,11940,27.5,WPG
Stuart Skinner,11940,26.5,EDM
Jonathan Quick,11941,26.5,NYR
Philipp Grubauer,11941,25.5,SEA
Cam Talbot,11942,26.5,DET
Jeremy Swayman,11942,28.5,BOS
James Reimer,11943,29.5,ANA
John Gibson,11944,31.5,ANA
Linus Ullmark,11944,25.5,OTT
Jake Allen,11945,29.5,NJ
Eric Comrie,11945,26.5,WPG
Joseph Woll,11946,26.5,TOR
Darcy Kuemper,11946,29.5,LA
Elvis Merzlikins,11947,26.5,CBJ
Lukas Dostal,11947,30.5,ANA
Anton Forsberg,11948,27.5,OTT
Ukko-Pekka Luukkonen,11948,29.5,BUF
Jonas Johansson,11949,30.5,TB
Cayden Primeau,11950,28.5,MTL
Jake Oettinger,11951,28.5,DAL
Alex Nedeljkovic,11951,28.5,PIT
Mackenzie Blackwood,11952,30.5,NJ
Anthony Stolarz,11952,26.5,TOR
Ilya Sorokin,11953,28.5,NYI
Alexandar Georgiev,11953,26.5,COL
Ville Husso,11954,25.5,DET
Joey Daccord,11954,26.5,SEA
Petr Mrazek,11955,29.5,CHI
Jeremy Swayman,11955,26.5,BOS
Jordan Binnington,11956,28.5,STL
Connor Hellebuyck,11956,24.5,WPG
Jack Campbell,11957,26.5,DET
Filip Gustavsson,11957,28.5,MIN
Thatcher Demko,11958,28.5,VAN
Juuse Saros,11958,26.5,NSH
Jacob Markstrom,11959,25.5,NJ
Igor Shesterkin,11959,28.5,NYR
Connor Ingram,11960,30.5,UTA
Pheonix Copley,11960,24.5,LA
Logan Thompson,11961,27.5,WSH
Akira Schmid,11962,25.5,VGK
Hunter Shepard,11962,29.5,WSH
Mackenzie Blackwood,11963,29.5,NJ
Jonas Johansson,11963,25.5,TB
Alexandar Georgiev,11964,28.5,COL
Tristan Jarry,11964,27.5,PIT
Sam Montembeault,11965,28.5,MTL
Elvis Merzlikins,11965,27.5,CBJ
John Gibson,11966,31.5,ANA
Linus Ullmark,11966,24.5,OTT
Connor Hellebuyck,11967,26.5,WPG
James Reimer,11967,27.5,ANA
Frederik Andersen,11968,24.5,CAR
Joey Daccord,11968,28.5,SEA
Ilya Sorokin,11969,28.5,NYI
Joonas Korpisalo,11969,27.5,BOS
Filip Gustavsson,11970,28.5,MIN
Carter Hart,11970,25.5,PHI
Scott Wedgewood,11971,28.5,NSH
Joseph Woll,11971,28.5,TOR
Stuart Skinner,11972,25.5,EDM
Jacob Markstrom,11973,23.5,NJ
Joel Hofer,11973,30.5,STL
Petr Mrazek,11974,29.5,CHI
Antti Raanta,11975,22.5,FA
Kaapo Kahkonen,11975,31.5,COL
Eric Comrie,11976,28.5,WPG
Vitek Vanecek,11976,27.5,SJ
Marc-Andre Fleury,11977,27.5,MIN
Darcy Kuemper,11977,26.5,LA
Karel Vejmelka,11978,27.5,UTA
Pheonix Copley,11978,24.5,LA
Thatcher Demko,11979,25.5,VAN
Jordan Binnington,11979,27.5,STL
Samuel Ersson,11980,25.5,PHI
Lukas Dostal,11980,30.5,ANA
Sergei Bobrovsky,11981,26.5,FLA
Ville Husso,11982,27.5,DET
Jeremy Swayman,11982,26.5,BOS
Jake Allen,11983,29.5,NJ
Laurent Brossoit,11983,25.5,CHI
Joonas Korpisalo,11984,29.5,BOS
Tristan Jarry,11984,27.5,PIT
Ilya Samsonov,11985,26.5,VGK
Juuse Saros,11985,28.5,NSH
Semyon Varlamov,11986,27.5,NYI
Igor Shesterkin,11987,25.5,NYR
Casey DeSmith,11987,27.5,DAL
Logan Thompson,11988,29.5,WSH
Cam Talbot,11988,24.5,DET
Ukko-Pekka Luukkonen,11989,30.5,BUF
Alexandar Georgiev,11989,26.5,COL
Darcy Kuemper,11990,25.5,LA
Mackenzie Blackwood,11990,29.5,NJ
Marc-Andre Fleury,11991,28.5,MIN
Stuart Skinner,11992,27.5,EDM
Philipp Grubauer,11993,26.5,SEA
Jonas Johansson,11993,27.5,TB
Carter Hart,11994,28.5,PHI
Frederik Andersen,11994,25.5,CAR
Tristan Jarry,11995,24.5,PIT
John Gibson,11995,32.5,ANA
Linus Ullmark,11996,27.5,OTT
Ilya Sorokin,11997,27.5,NYI
Ville Husso,11997,27.5,DET
Igor Shesterkin,11998,27.5,NYR
Connor Hellebuyck,11998,25.5,WPG
Jake Oettinger,11999,26.5,DAL
Elvis Merzlikins,11999,29.5,CBJ
Connor Ingram,12000,26.5,UTA
Arvid Soderblom,12000,27.5,CHI
Adin Hill,12001,25.5,VGK
Sam Montembeault,12001,29.5,MTL
Cam Talbot,12002,27.5,DET
Joseph Woll,12002,27.5,TOR
Kevin Lankinen,12003,27.5,VAN
Thatcher Demko,12003,26.5,VAN
Ukko-Pekka Luukkonen,12004,28.5,BUF
Carter Hart,12004,26.5,PHI
Jake Oettinger,12005,28.5,DAL
Jacob Markstrom,12005,26.5,NJ
Ivan Prosvetov,12006,25.5,FA
Jordan Binnington,12006,30.5,STL
Lukas Dostal,12007,27.5,ANA
Karel Vejmelka,12007,26.5,UTA
Sergei Bobrovsky,12008,26.5,FLA
James Reimer,12008,27.5,ANA
Frederik Andersen,12009,24.5,CAR
Igor Shesterkin,12009,28.5,NYR
Joonas Korpisalo,12010,27.5,BOS
Cam Talbot,12010,27.5,DET
Darcy Kuemper,12011,27.5,LA
Semyon Varlamov,12011,27.5,NYI
Matt Tomkins,12012,27.5,TB
Elvis Merzlikins,12012,27.5,CBJ
Ilya Samsonov,12013,26.5,VGK
Jeremy Swayman,12013,28.5,BOS
Vitek Vanecek,12014,26.5,SJ
Filip Gustavsson,12014,28.5,MIN
Jake Oettinger,12015,28.0,DAL
Stuart Skinner,12015,26.5,EDM
Scott Wedgewood,12015,28.5,NSH
Jake Allen,12016,27.5,NJ
Karel Vejmelka,12016,26.5,UTA
Connor Ingram,12016,27.5,UTA
Logan Thompson,12017,28.5,WSH
Connor Hellebuyck,12017,26.5,WPG
Juuse Saros,12018,27.5,NSH
Philipp Grubauer,12018,25.5,SEA
Kaapo Kahkonen,12019,28.5,COL
Thatcher Demko,12019,26.5,VAN
Samuel Ersson,12020,26.5,PHI
Ukko-Pekka Luukkonen,12020,28.5,BUF
Jordan Binnington,12021,28.5,STL
Karel Vejmelka,12023,28.5,UTA
Charlie Lindgren,12024,27.5,WSH
Elvis Merzlikins,12024,28.5,CBJ
Devon Levi,12025,29.5,BUF
Joseph Woll,12025,26.5,TOR
Cam Talbot,12026,26.5,DET
Cal Petersen,12026,26.5,PHI
Joel Hofer,12027,27.5,STL
Sam Montembeault,12027,27.5,MTL
Joonas Korpisalo,12028,27.5,BOS
Ville Husso,12029,27.5,DET
Linus Ullmark,12029,27.5,OTT
Ilya Sorokin,12030,30.5,NYI
Antti Raanta,12030,25.5,FA
Anthony Stolarz,12031,27.5,TOR
Petr Mrazek,12031,29.5,CHI
Filip Gustavsson,12032,27.5,MIN
Jonathan Quick,12032,26.5,NYR
Alexandar Georgiev,12033,25.5,COL
Adin Hill,12033,28.5,VGK
Tristan Jarry,12034,24.5,PIT
Mackenzie Blackwood,12034,31.5,NJ
Philipp Grubauer,12035,28.5,SEA
Thatcher Demko,12036,27.5,VAN
Arvid Soderblom,12037,28.5,CHI
Vitek Vanecek,12037,25.5,SJ
Logan Thompson,12038,26.5,WSH
Elvis Merzlikins,12039,28.5,CBJ
Sergei Bobrovsky,12039,26.5,FLA
Jonas Johansson,12040,29.5,TB
Ilya Samsonov,12040,26.5,VGK
Jake Oettinger,12041,26.5,DAL
Jeremy Swayman,12041,27.5,BOS
Thatcher Demko,12042,28.5,VAN
Stuart Skinner,12042,26.5,EDM
Antti Raanta,12043,23.5,FA
Ukko-Pekka Luukkonen,12043,31.5,BUF
Marc-Andre Fleury,12045,27.5,MIN
Semyon Varlamov,12045,27.5,NYI
Ville Husso,12046,26.5,DET
Jonathan Quick,12046,26.5,NYR
Jordan Binnington,12047,28.5,STL
Connor Hellebuyck,12047,25.5,WPG
Joey Daccord,12048,26.5,SEA
Connor Ingram,12048,27.5,UTA
Juuse Saros,12049,28.5,NSH
Jacob Markstrom,12049,25.5,NJ
Vitek Vanecek,12050,28.5,SJ
Alexandar Georgiev,12050,26.5,COL
Tristan Jarry,12051,24.5,PIT
John Gibson,12051,30.5,ANA
Samuel Ersson,12052,24.5,PHI
Mackenzie Blackwood,12052,28.5,NJ
Joseph Woll,12053,27.5,TOR
Sergei Bobrovsky,12054,26.5,FLA
Darcy Kuemper,12054,28.5,LA
Adin Hill,12055,27.5,VGK
Cam Talbot,12055,25.5,DET
Linus Ullmark,12056,27.5,OTT
Ilya Sorokin,12056,29.5,NYI
James Reimer,12057,26.5,ANA
Cayden Primeau,12057,28.5,MTL
Casey DeSmith,12058,28.5,DAL
Anton Forsberg,12058,26.5,OTT
Jonas Johansson,12059,25.5,TB
Petr Mrazek,12059,30.5,CHI
Louis Domingue,12060,27.5,NYR
Marc-Andre Fleury,12060,26.5,MIN
Jake Oettinger,12061,27.5,DAL
Spencer Martin,12061,27.5,CAR
Laurent Brossoit,12062,25.5,CHI
Joel Hofer,12063,27.5,STL
Karel Vejmelka,12063,26.5,UTA
Philipp Grubauer,12064,28.5,SEA
Ivan Prosvetov,12064,25.5,FA
Stuart Skinner,12065,25.5,EDM
Mackenzie Blackwood,12065,30.5,NJ
Magnus Hellberg,12066,27.5,DAL
Pheonix Copley,12066,26.5,LA
Antti Raanta,12067,26.5,FA
Sergei Bobrovsky,12067,28.5,FLA
Charlie Lindgren,12068,28.5,WSH
Vitek Vanecek,12068,25.5,SJ
Filip Gustavsson,12069,28.5,MIN
Devon Levi,12069,26.5,BUF
Joseph Woll,12070,28.5,TOR
Dan Vladar,12070,26.5,CGY
Kaapo Kahkonen,12071,29.5,COL
Adin Hill,12071,24.5,VGK
Carter Hart,12072,25.5,PHI
Samuel Ersson,12072,24.5,PHI
Lukas Dostal,12072,29.5,ANA
Spencer Martin,12073,27.5,CAR
Ville Husso,12073,27.5,DET
Scott Wedgewood,12074,28.5,NSH
Pyotr Kochetkov,12075,25.5,CAR
Ilya Samsonov,12076,25.5,VGK
Thatcher Demko,12076,29.5,VAN
Dustin Wolf,12077,27.5,CGY
Joonas Korpisalo,12077,28.5,BOS
Jeremy Swayman,12078,27.5,BOS
Sam Montembeault,12078,28.5,MTL
Semyon Varlamov,12079,27.5,NYI
Hunter Shepard,12079,27.5,WSH
Tristan Jarry,12080,25.5,PIT
Ukko-Pekka Luukkonen,12080,29.5,BUF
Connor Ingram,12081,27.5,UTA
Juuse Saros,12081,26.5,NSH
Alexandar Georgiev,12082,24.5,COL
Jordan Binnington,12082,29.5,STL
Philipp Grubauer,12083,28.5,SEA
Stuart Skinner,12083,25.5,EDM
Carter Hart,12084,27.5,PHI
Cam Talbot,12084,25.5,DET
Arvid Soderblom,12085,30.5,CHI
Sergei Bobrovsky,12085,23.5,FLA
Marc-Andre Fleury,12086,26.5,MIN
Jake Oettinger,12086,27.5,DAL
Casey DeSmith,12087,27.5,DAL
Jake Allen,12087,27.5,NJ
Elvis Merzlikins,12088,26.5,CBJ
Jonathan Quick,12088,26.5,NYR
Mackenzie Blackwood,12089,28.5,NJ
Stuart Skinner,12090,25.5,EDM
Ilya Sorokin,12090,30.5,NYI
Joey Daccord,12091,27.5,SEA
Alexandar Georgiev,12091,25.5,COL
Tristan Jarry,12092,26.5,PIT
Elvis Merzlikins,12092,29.5,CBJ
Linus Ullmark,12093,27.5,OTT
Devon Levi,12093,27.5,BUF
Jacob Markstrom,12094,25.5,NJ
Sam Montembeault,12094,28.5,MTL
Charlie Lindgren,12095,27.5,WSH
Logan Thompson,12095,26.5,WSH
Juuse Saros,12096,25.5,NSH
John Gibson,12096,28.5,ANA
Karel Vejmelka,12097,28.5,UTA
Jake Oettinger,12097,25.5,DAL
Connor Hellebuyck,12098,25.5,WPG
Akira Schmid,12098,28.5,VGK
Jonas Johansson,12099,27.5,TB
Jordan Binnington,12099,27.5,STL
Anthony Stolarz,12100,25.5,TOR
Mackenzie Blackwood,12100,31.5,NJ
Pyotr Kochetkov,12101,24.5,CAR
Carter Hart,12101,29.5,PHI
Joey Daccord,12102,29.5,SEA
Stuart Skinner,12102,24.5,EDM
Alexandar Georgiev,12103,24.5,COL
Lukas Dostal,12103,31.5,ANA
Thatcher Demko,12104,27.5,VAN
Ilya Sorokin,12104,28.5,NYI
James Reimer,12105,28.5,ANA
Joonas Korpisalo,12105,27.5,BOS
Vitek Vanecek,12106,28.5,SJ
Tristan Jarry,12106,26.5,PIT
Adin Hill,12107,26.5,VGK
Cayden Primeau,12107,27.5,MTL
Connor Ingram,12108,28.5,UTA
Elvis Merzlikins,12108,26.5,CBJ
Petr Mrazek,12109,29.5,CHI
Jonas Johansson,12109,25.5,TB
Jacob Markstrom,12110,25.5,NJ
Casey DeSmith,12110,28.5,DAL
Semyon Varlamov,12111,27.5,NYI
Joel Hofer,12112,26.5,STL
Kaapo Kahkonen,12112,28.5,COL
Cam Talbot,12113,26.5,DET
Sergei Bobrovsky,12113,27.5,FLA
Ilya Samsonov,12114,26.5,VGK
Alex Lyon,12114,28.5,DET
Eric Comrie,12115,29.5,WPG
Connor Hellebuyck,12115,25.5,WPG
John Gibson,12116,29.5,ANA
Anthony Stolarz,12116,25.5,TOR
Anton Forsberg,12117,26.5,OTT
Filip Gustavsson,12117,29.5,MIN
Logan Thompson,12118,27.5,WSH
Carter Hart,12118,26.5,PHI
Arvid Soderblom,12119,28.5,CHI
Stuart Skinner,12120,26.5,EDM
Antti Raanta,12121,25.5,FA
Tristan Jarry,12121,29.5,PIT
Igor Shesterkin,12122,26.5,NYR
Jake Allen,12123,29.5,NJ
Ilya Sorokin,12124,29.5,NYI
Laurent Brossoit,12125,24.5,CHI
Karel Vejmelka,12125,28.5,UTA
Elvis Merzlikins,12126,27.5,CBJ
Charlie Lindgren,12126,27.5,WSH
Jake Oettinger,12127,27.5,DAL
Alexandar Georgiev,12127,26.5,COL
Philipp Grubauer,12128,25.5,SEA
Thatcher Demko,12128,26.5,VAN
Jordan Binnington,12129,29.5,STL
Cam Talbot,12129,25.5,DET
Samuel Ersson,12131,26.5,PHI
Spencer Martin,12131,27.5,CAR
Alex Nedeljkovic,12132,27.5,PIT
Adin Hill,12132,28.5,VGK
Petr Mrazek,12133,28.5,CHI
Joel Hofer,12134,27.5,STL
Sergei Bobrovsky,12135,27.5,FLA
Calvin Pickard,12135,27.5,EDM
Scott Wedgewood,12137,26.5,NSH
Igor Shesterkin,12137,27.5,NYR
Alexandar Georgiev,12138,25.5,COL
Juuse Saros,12138,28.5,NSH
Connor Ingram,12139,29.5,UTA
Pheonix Copley,12139,23.5,LA
Dan Vladar,12140,24.5,CGY
Philipp Grubauer,12140,27.5,SEA
Mackenzie Blackwood,12141,29.5,NJ
Thatcher Demko,12141,24.5,VAN
Alex Lyon,12142,27.5,DET
Vitek Vanecek,12142,26.5,SJ
Linus Ullmark,12143,29.5,OTT
Sergei Bobrovsky,12143,25.5,FLA
Connor Hellebuyck,12144,26.5,WPG
Jonas Johansson,12144,27.5,TB
Stuart Skinner,12145,28.5,EDM
Antti Raanta,12145,26.5,FA
Tristan Jarry,12146,25.5,PIT
Jonathan Quick,12146,28.5,NYR
Darcy Kuemper,12147,26.5,LA
Devon Levi,12147,26.5,BUF
Petr Mrazek,12148,29.5,CHI
Elvis Merzlikins,12148,25.5,CBJ
Ilya Sorokin,12149,28.5,NYI
Carter Hart,12149,27.5,PHI
Jacob Markstrom,12150,25.5,NJ
Juuse Saros,12150,27.5,NSH
Karel Vejmelka,12151,27.5,UTA
Jordan Binnington,12151,26.5,STL
Jake Oettinger,12152,27.5,DAL
Alexandar Georgiev,12153,24.5,COL
John Gibson,12154,27.5,ANA
Sam Montembeault,12154,27.5,MTL
Joey Daccord,12155,23.5,SEA
Kaapo Kahkonen,12155,29.5,COL
Igor Shesterkin,12156,27.5,NYR
Carter Hart,12156,25.5,PHI
Jeremy Swayman,12157,26.5,BOS
Arvid Soderblom,12158,29.5,CHI
Ilya Samsonov,12158,24.5,VGK
Elvis Merzlikins,12159,28.5,CBJ
Stuart Skinner,12160,25.5,EDM
Charlie Lindgren,12160,28.5,WSH
Cam Talbot,12162,25.5,DET
John Gibson,12162,28.5,ANA
Mackenzie Blackwood,12163,28.5,NJ
Cayden Primeau,12163,26.5,MTL
Alex Nedeljkovic,12164,28.5,PIT
Ukko-Pekka Luukkonen,12164,27.5,BUF
Semyon Varlamov,12165,28.5,NYI
Anton Forsberg,12165,26.5,OTT
Connor Hellebuyck,12166,27.5,WPG
Sergei Bobrovsky,12166,25.5,FLA
Antti Raanta,12167,24.5,FA
Andrei Vasilevskiy,12167,29.5,TB
Alexandar Georgiev,12168,26.5,COL
Filip Gustavsson,12168,28.5,MIN
Jake Oettinger,12169,27.5,DAL
Jacob Markstrom,12169,27.5,NJ
Joey Daccord,12170,25.5,SEA
Thatcher Demko,12170,26.5,VAN
Linus Ullmark,12171,28.5,OTT
Jonathan Quick,12171,26.5,NYR
Jake Allen,12172,30.5,NJ
Joseph Woll,12173,28.5,TOR
Tristan Jarry,12173,27.5,PIT
Eric Comrie,12174,28.5,WPG
Vitek Vanecek,12174,25.5,SJ
Samuel Ersson,12175,26.5,PHI
Ilya Sorokin,12175,28.5,NYI
Kaapo Kahkonen,12177,29.5,COL
Casey DeSmith,12177,25.5,DAL
Logan Thompson,12178,25.5,WSH
Connor Ingram,12178,29.5,UTA
Alex Lyon,12179,26.5,DET
Filip Gustavsson,12179,27.5,MIN
Jordan Binnington,12180,26.5,STL
Arvid Soderblom,12180,27.5,CHI
Elvis Merzlikins,12181,30.5,CBJ
Pyotr Kochetkov,12181,24.5,CAR
Juuse Saros,12182,26.5,NSH
Laurent Brossoit,12182,26.5,CHI
Stuart Skinner,12183,24.5,EDM
Jeremy Swayman,12184,27.5,BOS
Spencer Martin,12184,27.5,CAR
Sergei Bobrovsky,12185,27.5,FLA
Igor Shesterkin,12186,25.5,NYR
Ukko-Pekka Luukkonen,12186,27.5,BUF
Andrei Vasilevskiy,12187,28.5,TB
Alexandar Georgiev,12187,25.5,COL
Jacob Markstrom,12188,26.5,NJ
Adin Hill,12188,28.5,VGK
Dan Vladar,12188,25.5,CGY
Darcy Kuemper,12189,25.5,LA
Mackenzie Blackwood,12189,27.5,NJ
Anthony Stolarz,12190,28.5,TOR
Joseph Woll,12190,28.5,TOR
Vitek Vanecek,12191,25.5,SJ
Pyotr Kochetkov,12192,25.5,CAR
Carter Hart,12192,27.5,PHI
Tristan Jarry,12193,27.5,PIT
Juuse Saros,12193,27.5,NSH
Jordan Binnington,12194,28.5,STL
Filip Gustavsson,12194,26.5,MIN
Connor Hellebuyck,12195,26.5,WPG
Jake Oettinger,12195,26.5,DAL
Philipp Grubauer,12196,24.5,SEA
Petr Mrazek,12196,27.5,CHI
Stuart Skinner,12197,25.5,EDM
Jonas Johansson,12198,25.5,TB
Connor Ingram,12198,28.5,UTA
Thatcher Demko,12199,25.5,VAN
Elvis Merzlikins,12200,27.5,CBJ
Sam Montembeault,12200,28.5,MTL
Ville Husso,12201,27.5,DET
Igor Shesterkin,12201,25.5,NYR
Charlie Lindgren,12202,28.5,WSH
Cam Talbot,12202,25.5,DET
Petr Mrazek,12203,28.5,CHI
Philipp Grubauer,12204,26.5,SEA
Joseph Woll,12204,26.5,TOR
Andrei Vasilevskiy,12205,29.5,TB
Tristan Jarry,12205,27.5,PIT
Mackenzie Blackwood,12206,30.5,NJ
Jeremy Swayman,12206,24.5,BOS
Akira Schmid,12207,27.5,VGK
Carter Hart,12207,26.5,PHI
Sergei Bobrovsky,12208,25.5,FLA
Cayden Primeau,12208,29.5,MTL
Semyon Varlamov,12209,29.5,NYI
Pyotr Kochetkov,12209,24.5,CAR
Stuart Skinner,12210,26.5,EDM
Connor Hellebuyck,12210,26.5,WPG
Juuse Saros,12211,26.5,NSH
Ukko-Pekka Luukkonen,12212,27.5,BUF
Jordan Binnington,12212,27.5,STL
Alexandar Georgiev,12213,24.5,COL
Connor Ingram,12213,28.5,UTA
Scott Wedgewood,12214,28.5,NSH
Jacob Markstrom,12214,26.5,NJ
Thatcher Demko,12215,26.5,VAN
John Gibson,12216,26.5,ANA
Darcy Kuemper,12216,25.5,LA
Vitek Vanecek,12217,23.5,SJ
Kaapo Kahkonen,12217,30.5,COL
Elvis Merzlikins,12218,28.5,CBJ
Joonas Korpisalo,12218,28.5,BOS
Jake Oettinger,12219,26.5,DAL
Arvid Soderblom,12220,28.5,CHI
Connor Hellebuyck,12220,24.5,WPG
Igor Shesterkin,12221,26.5,NYR
Kevin Lankinen,12221,25.5,VAN
Ilya Sorokin,12222,31.5,NYI
Anthony Stolarz,12222,26.5,TOR
Jake Allen,12223,28.5,NJ
Ville Husso,12223,26.5,DET
Linus Ullmark,12224,28.5,OTT
Joseph Woll,12224,27.5,TOR
Pyotr Kochetkov,12226,23.5,CAR
Eric Comrie,12226,30.5,WPG
Samuel Ersson,12227,26.5,PHI
Tristan Jarry,12227,27.5,PIT
Joel Hofer,12228,26.5,STL
Connor Ingram,12228,27.5,UTA
Darcy Kuemper,12229,26.5,LA
Logan Thompson,12229,25.5,WSH
Ivan Prosvetov,12230,26.5,FA
John Gibson,12230,27.5,ANA
Jacob Markstrom,12231,24.5,NJ
Marc-Andre Fleury,12232,24.5,MIN
Petr Mrazek,12232,28.5,CHI
Mackenzie Blackwood,12233,29.5,NJ
Jonathan Quick,12233,23.5,NYR
Juuse Saros,12234,27.5,NSH
Ukko-Pekka Luukkonen,12234,26.5,BUF
Spencer Martin,12235,28.5,CAR
Jeremy Swayman,12235,25.5,BOS
Cam Talbot,12236,26.5,DET
Alexandar Georgiev,12236,27.5,COL
Andrei Vasilevskiy,12237,26.5,TB
Jake Oettinger,12237,27.5,DAL
Alex Nedeljkovic,12238,30.5,PIT
Carter Hart,12238,27.5,PHI
Sam Montembeault,12239,27.5,MTL
Philipp Grubauer,12239,25.5,SEA
Laurent Brossoit,12240,27.5,CHI
Antti Raanta,12240,24.5,FA
Connor Ingram,12241,26.5,UTA
Darcy Kuemper,12241,25.5,LA
Logan Thompson,12242,25.5,WSH
Jordan Binnington,12242,29.5,STL
Elvis Merzlikins,12243,29.5,CBJ
Pheonix Copley,12243,24.5,LA
Anton Forsberg,12244,25.5,OTT
Igor Shesterkin,12244,28.5,NYR
Kaapo Kahkonen,12245,30.5,COL
Sergei Bobrovsky,12251,24.5,FLA
Jake Oettinger,12251,28.5,DAL
Tristan Jarry,12252,28.5,PIT
Andrei Vasilevskiy,12252,26.5,TB
Jordan Binnington,12253,28.5,STL
Stuart Skinner,12254,27.5,EDM
Devon Levi,12255,28.5,BUF
Linus Ullmark,12255,27.5,OTT
Mackenzie Blackwood,12256,30.5,NJ
Ville Husso,12256,25.5,DET
Anton Forsberg,12257,26.5,OTT
Joseph Woll,12257,29.5,TOR
Cam Talbot,12258,24.5,DET
Sam Montembeault,12258,28.5,MTL
Semyon Varlamov,12259,27.5,NYI
Spencer Martin,12259,27.5,CAR
Jonas Johansson,12260,26.5,TB
Juuse Saros,12260,26.5,NSH
Scott Wedgewood,12261,26.5,NSH
Charlie Lindgren,12261,27.5,WSH
Lukas Dostal,12262,25.5,ANA
Petr Mrazek,12262,27.5,CHI
Carter Hart,12263,24.5,PHI
Connor Ingram,12263,28.5,UTA
Connor Hellebuyck,12264,26.5,WPG
Alexandar Georgiev,12264,26.5,COL
Pyotr Kochetkov,12265,24.5,CAR
Dustin Wolf,12265,28.5,CGY
Filip Gustavsson,12266,25.5,MIN
Casey DeSmith,12266,27.5,DAL
Philipp Grubauer,12267,27.5,SEA
Akira Schmid,12267,27.5,VGK
Sergei Bobrovsky,12268,26.5,FLA
Tristan Jarry,12268,30.5,PIT
Jet Greaves,12269,27.5,CBJ
Joel Hofer,12269,27.5,STL
Marc-Andre Fleury,12270,27.5,MIN
Stuart Skinner,12270,25.5,EDM
Linus Ullmark,12271,24.5,OTT
Connor Ingram,12271,29.5,UTA
Jake Oettinger,12272,27.5,DAL
Alex Lyon,12274,28.5,DET
Joonas Korpisalo,12274,28.5,BOS
Igor Shesterkin,12275,26.5,NYR
Charlie Lindgren,12275,27.5,WSH
Kevin Lankinen,12276,28.5,VAN
Ilya Samsonov,12276,27.5,VGK
Cayden Primeau,12277,28.5,MTL
Devon Levi,12277,25.5,BUF
Cam Talbot,12278,25.5,DET
Ilya Sorokin,12278,30.5,NYI
Petr Mrazek,12279,28.5,CHI
Jordan Binnington,12279,25.5,STL
Ivan Prosvetov,12280,27.5,FA
Carter Hart,12280,26.5,PHI
Antti Raanta,12281,24.5,FA
Thatcher Demko,12281,28.5,VAN
Philipp Grubauer,12282,25.5,SEA
Andrei Vasilevskiy,12282,25.5,TB
Jet Greaves,12283,30.5,CBJ
Anthony Stolarz,12283,26.5,TOR
Jake Allen,12285,28.5,NJ
Darcy Kuemper,12286,25.5,LA
Arvid Soderblom,12286,26.5,CHI
Jonathan Quick,12287,26.5,NYR
Filip Gustavsson,12289,26.5,MIN
Kaapo Kahkonen,12290,31.5,COL
Karel Vejmelka,12291,28.5,UTA
Devon Levi,12291,25.5,BUF
Ilya Sorokin,12292,30.5,NYI
Ilya Samsonov,12292,26.5,VGK
James Reimer,12293,27.5,ANA
Jake Oettinger,12293,25.5,DAL
Dan Vladar,12294,26.5,CGY
Alexandar Georgiev,12294,26.5,COL
Connor Ingram,12295,28.5,UTA
Tristan Jarry,12295,25.5,PIT
Pyotr Kochetkov,12296,25.5,CAR
Joonas Korpisalo,12296,29.5,BOS
Martin Jones,12297,26.5,FA
Igor Shesterkin,12297,28.5,NYR
Samuel Ersson,12298,25.5,PHI
Juuse Saros,12298,27.5,NSH
Jordan Binnington,12299,27.5,STL
Ville Husso,12299,27.5,DET
Stuart Skinner,12300,23.5,EDM
Petr Mrazek,12300,30.5,CHI
Logan Thompson,12301,25.5,WSH
Dustin Wolf,12301,27.5,CGY
Thatcher Demko,12302,26.5,VAN
Andrei Vasilevskiy,12302,25.5,TB
Sergei Bobrovsky,12303,26.5,FLA
Joey Daccord,12303,27.5,SEA
Mackenzie Blackwood,12304,28.5,NJ
Laurent Brossoit,12304,25.5,CHI
Vitek Vanecek,12305,26.5,SJ
Jeremy Swayman,12305,28.5,BOS
Sam Montembeault,12306,28.5,MTL
Alex Nedeljkovic,12306,28.5,PIT
Semyon Varlamov,12307,27.5,NYI
John Gibson,12307,27.5,ANA
Ivan Prosvetov,12308,27.5,FA
Ukko-Pekka Luukkonen,12308,27.5,BUF
Connor Hellebuyck,12309,28.5,WPG
Cam Talbot,12309,24.5,DET
Ilya Samsonov,12310,25.5,VGK
Elvis Merzlikins,12310,29.5,CBJ
Charlie Lindgren,12311,29.5,WSH
Samuel Ersson,12311,23.5,PHI
Pyotr Kochetkov,12312,24.5,CAR
Ville Husso,12312,28.5,DET
Filip Gustavsson,12313,26.5,MIN
Joonas Korpisalo,12314,27.5,BOS
Jordan Binnington,12314,29.5,STL
Stuart Skinner,12315,25.5,EDM
Sergei Bobrovsky,12316,25.5,FLA
Arvid Soderblom,12317,28.5,CHI
Joey Daccord,12317,23.5,SEA
Jonathan Quick,12318,24.5,NYR
Lukas Dostal,12318,29.5,ANA
Kevin Lankinen,12319,29.5,VAN
Antti Raanta,12319,23.5,FA
Linus Ullmark,12320,28.5,OTT
Ilya Sorokin,12320,29.5,NYI
Jake Oettinger,12321,27.5,DAL
Mackenzie Blackwood,12322,28.5,NJ
Kaapo Kahkonen,12322,28.5,COL
Connor Ingram,12322,26.5,UTA
Devon Levi,12323,27.5,BUF
Logan Thompson,12323,25.5,WSH
Filip Gustavsson,12324,24.5,MIN
Casey DeSmith,12324,27.5,DAL
Sam Montembeault,12325,27.5,MTL
Semyon Varlamov,12325,29.5,NYI
Connor Hellebuyck,12326,26.5,WPG
Ivan Prosvetov,12326,26.5,FA
Samuel Ersson,12327,24.5,PHI
Alex Lyon,12327,28.5,DET
Martin Jones,12328,27.5,FA
Tristan Jarry,12328,29.5,PIT
Daniil Tarasov,12329,29.5,CBJ
Igor Shesterkin,12330,27.5,NYR
Jeremy Swayman,12330,26.5,BOS
Juuse Saros,12331,26.5,NSH
Charlie Lindgren,12331,27.5,WSH
Jordan Binnington,12332,28.5,STL
Scott Wedgewood,12332,28.5,NSH
Karel Vejmelka,12333,27.5,UTA
Ukko-Pekka Luukkonen,12333,26.5,BUF
Joey Daccord,12334,27.5,SEA
Cam Talbot,12334,25.5,DET
Andrei Vasilevskiy,12335,27.5,TB
Dan Vladar,12335,25.5,CGY
Sergei Bobrovsky,12336,27.5,FLA
Calvin Pickard,12336,27.5,EDM
Petr Mrazek,12337,27.5,CHI
Pyotr Kochetkov,12338,23.5,CAR
Mackenzie Blackwood,12341,30.5,NJ
Ville Husso,12342,26.5,DET
Alex Nedeljkovic,12343,28.5,PIT
Filip Gustavsson,12343,28.5,MIN
Connor Hellebuyck,12344,26.5,WPG
Jake Allen,12344,28.5,NJ
Scott Wedgewood,12345,26.5,NSH
Jacob Markstrom,12346,27.5,NJ
Anthony Stolarz,12346,26.5,TOR
Logan Thompson,12347,27.5,WSH
Pyotr Kochetkov,12347,25.5,CAR
Samuel Ersson,12348,26.5,PHI
Carter Hart,12348,27.5,PHI
Vitek Vanecek,12348,26.5,SJ
Devon Levi,12349,25.5,BUF
Daniil Tarasov,12349,29.5,CBJ
Andrei Vasilevskiy,12350,26.5,TB
Jordan Binnington,12350,28.5,STL
Marc-Andre Fleury,12351,27.5,MIN
Igor Shesterkin,12352,28.5,NYR
Martin Jones,12352,27.5,FA
Ilya Sorokin,12353,31.5,NYI
Stuart Skinner,12353,25.5,EDM
Casey DeSmith,12354,27.5,DAL
Juuse Saros,12354,25.5,NSH
Petr Mrazek,12355,28.5,CHI
Alexandar Georgiev,12355,25.5,COL
Connor Ingram,12356,28.5,UTA
Kaapo Kahkonen,12357,30.5,COL
David Rittich,12357,24.5,LA
Darcy Kuemper,12358,26.5,LA
Semyon Varlamov,12358,27.5,NYI
James Reimer,12359,27.5,ANA
Laurent Brossoit,12359,25.5,CHI
Cam Talbot,12360,24.5,DET
Elvis Merzlikins,12361,27.5,CBJ
Charlie Lindgren,12361,27.5,WSH
Jiri Patera,12362,27.5,BOS
Andrei Vasilevskiy,12362,27.5,TB
Samuel Ersson,12363,24.5,PHI
Juuse Saros,12363,28.5,NSH
Ilya Samsonov,12364,28.5,VGK
Devon Levi,12364,27.5,BUF
Joel Hofer,12365,29.5,STL
Sergei Bobrovsky,12365,25.5,FLA
Alex Nedeljkovic,12366,30.5,PIT
Pyotr Kochetkov,12366,25.5,CAR
Calvin Pickard,12367,26.5,EDM
Akira Schmid,12367,28.5,VGK
Filip Gustavsson,12368,25.5,MIN
Sam Montembeault,12368,28.5,MTL
Scott Wedgewood,12369,25.5,NSH
Thatcher Demko,12369,28.5,VAN
Alexandar Georgiev,12370,26.5,COL
Lukas Dostal,12371,28.5,ANA
Mackenzie Blackwood,12372,27.5,NJ
Karel Vejmelka,12372,26.5,UTA
Carter Hart,12373,27.5,PHI
James Reimer,12373,28.5,ANA
Jonathan Quick,12374,27.5,NYR
Stuart Skinner,12374,26.5,EDM
Jeremy Swayman,12375,27.5,BOS
Connor Hellebuyck,12375,26.5,WPG
Petr Mrazek,12376,27.5,CHI
Cayden Primeau,12376,26.5,MTL
Juuse Saros,12377,26.5,NSH
Scott Wedgewood,12377,27.5,NSH
Sergei Bobrovsky,12378,25.5,FLA
Martin Jones,12379,26.5,FA
Daniil Tarasov,12379,29.5,CBJ
Michael Hutchinson,12380,28.5,FA
Vitek Vanecek,12380,25.5,SJ
Ilya Sorokin,12381,31.5,NYI
Pyotr Kochetkov,12381,24.5,CAR
Charlie Lindgren,12382,27.5,WSH
Andrei Vasilevskiy,12382,25.5,TB
Anton Forsberg,12383,27.5,OTT
Alex Nedeljkovic,12383,29.5,PIT
Marc-Andre Fleury,12384,27.5,MIN
Igor Shesterkin,12385,26.5,NYR
Ukko-Pekka Luukkonen,12385,27.5,BUF
Arvid Soderblom,12386,28.5,CHI
Jordan Binnington,12386,25.5,STL
Connor Ingram,12388,29.5,UTA
Alexandar Georgiev,12388,24.5,COL
Jacob Markstrom,12389,28.5,NJ
Cam Talbot,12389,25.5,DET
Thatcher Demko,12390,25.5,VAN
Mackenzie Blackwood,12390,27.5,NJ
Elvis Merzlikins,12391,29.5,CBJ
Vitek Vanecek,12391,24.5,SJ
Martin Jones,12392,27.5,FA
Joonas Korpisalo,12392,29.5,BOS
Igor Shesterkin,12393,25.5,NYR
Darcy Kuemper,12393,27.5,LA
Andrei Vasilevskiy,12394,28.5,TB
Sergei Bobrovsky,12394,25.5,FLA
Ilya Sorokin,12395,30.5,NYI
Tristan Jarry,12395,27.5,PIT
Jeremy Swayman,12396,28.5,BOS
Devon Levi,12396,26.5,BUF
Scott Wedgewood,12397,27.5,NSH
Joel Hofer,12397,26.5,STL
James Reimer,12398,27.5,ANA
Filip Gustavsson,12398,25.5,MIN
Juuse Saros,12399,29.5,NSH
Pyotr Kochetkov,12399,24.5,CAR
Connor Hellebuyck,12400,24.5,WPG
Petr Mrazek,12400,28.5,CHI
Karel Vejmelka,12401,28.5,UTA
Alexandar Georgiev,12401,25.5,COL
Jacob Markstrom,12402,25.5,NJ
Chris Driedger,12402,26.5,FLA
John Gibson,12403,28.5,ANA
Logan Thompson,12403,26.5,WSH
David Rittich,12404,22.5,LA
Kaapo Kahkonen,12404,31.5,COL
Antti Raanta,12405,23.5,FA
Cayden Primeau,12405,30.5,MTL
Casey DeSmith,12406,27.5,DAL
Samuel Ersson,12406,24.5,PHI
Thatcher Demko,12406,27.5,VAN
Cam Talbot,12407,25.5,DET
Magnus Chrona,12408,30.5,NSH
Stuart Skinner,12408,23.5,EDM
Sergei Bobrovsky,12409,25.5,FLA
Jonathan Quick,12409,29.5,NYR
Alex Lyon,12410,26.5,DET
Joonas Korpisalo,12411,28.5,BOS
Elvis Merzlikins,12412,29.5,CBJ
Ilya Samsonov,12412,26.5,VGK
Charlie Lindgren,12413,27.5,WSH
Ilya Sorokin,12413,28.5,NYI
Jordan Binnington,12414,28.5,STL
Alexandar Georgiev,12414,26.5,COL
Petr Mrazek,12415,29.5,CHI
Scott Wedgewood,12415,23.5,NSH
John Gibson,12416,25.5,ANA
Connor Ingram,12416,27.5,UTA
Carter Hart,12417,26.5,PHI
Joey Daccord,12417,26.5,SEA
Filip Gustavsson,12418,27.5,MIN
Connor Hellebuyck,12418,26.5,WPG
Daniil Tarasov,12419,29.5,CBJ
Hunter Shepard,12420,26.5,WSH
Yaroslav Askarov,12420,26.5,SJ
Jake Allen,12421,30.5,NJ
Anthony Stolarz,12421,24.5,TOR
Pyotr Kochetkov,12422,26.5,CAR
Joel Hofer,12423,28.5,STL
Tristan Jarry,12423,26.5,PIT
Andrei Vasilevskiy,12425,26.5,TB
Marc-Andre Fleury,12427,27.5,MIN
Laurent Brossoit,12427,25.5,CHI
Alex Lyon,12428,27.5,DET
Devon Levi,12429,27.5,BUF
Alex Nedeljkovic,12430,26.5,PIT
Ilya Sorokin,12430,29.5,NYI
Sam Montembeault,12431,27.5,MTL
Carter Hart,12432,27.5,PHI
Jacob Markstrom,12432,25.5,NJ
Samuel Ersson,12432,26.5,PHI
Calvin Pickard,12433,25.5,EDM
Petr Mrazek,12434,29.5,CHI
Kaapo Kahkonen,12435,29.5,COL
Igor Shesterkin,12437,28.5,NYR
Pyotr Kochetkov,12437,25.5,CAR
Spencer Martin,12438,27.5,CAR
Tristan Jarry,12439,25.5,PIT
Darcy Kuemper,12439,28.5,LA
Scott Wedgewood,12440,25.5,NSH
Sam Montembeault,12440,27.5,MTL
Andrei Vasilevskiy,12441,27.5,TB
Connor Hellebuyck,12441,25.5,WPG
Marc-Andre Fleury,12442,27.5,MIN
Jacob Markstrom,12442,25.5,NJ
Arvid Soderblom,12443,28.5,CHI
Juuse Saros,12443,23.5,NSH
Carter Hart,12444,28.5,PHI
Stuart Skinner,12444,25.5,EDM
Alexandar Georgiev,12445,25.5,COL
Semyon Varlamov,12445,28.5,NYI
Karel Vejmelka,12446,29.5,UTA
Sergei Bobrovsky,12446,24.5,FLA
Anton Forsberg,12447,26.5,OTT
Thatcher Demko,12447,26.5,VAN
Alex Lyon,12448,25.5,DET
Kaapo Kahkonen,12448,29.5,COL
Cam Talbot,12449,25.5,DET
Martin Jones,12449,28.5,FA
Nico Daws,12450,25.5,NJ
Hunter Shepard,12450,27.5,WSH
Martin Jones,12451,27.5,FA
Lukas Dostal,12451,28.5,ANA
Devon Levi,12452,25.5,BUF
Jake Allen,12452,28.5,NJ
Jeremy Swayman,12453,28.5,BOS
Alex Nedeljkovic,12453,27.5,PIT
Samuel Ersson,12454,25.5,PHI
Daniil Tarasov,12454,29.5,CBJ
Petr Mrazek,12455,29.5,CHI
Igor Shesterkin,12455,23.5,NYR
Juuse Saros,12456,26.5,NSH
Jordan Binnington,12457,26.5,STL
Thatcher Demko,12457,27.5,VAN
Marc-Andre Fleury,12458,27.5,MIN
Alexandar Georgiev,12459,26.5,COL
Connor Ingram,12460,26.5,UTA
Ilya Sorokin,12460,27.5,NYI
Sergei Bobrovsky,12461,26.5,FLA
Logan Thompson,12461,27.5,WSH
Joey Daccord,12462,27.5,SEA
Alex Lyon,12463,29.5,DET
David Rittich,12463,23.5,LA
Mackenzie Blackwood,12464,28.5,NJ
Connor Hellebuyck,12464,24.5,WPG
Pyotr Kochetkov,12465,25.5,CAR
Darcy Kuemper,12465,28.5,LA
Arvid Soderblom,12466,28.5,CHI
Vitek Vanecek,12466,23.5,SJ
Laurent Brossoit,12467,24.5,CHI
John Gibson,12467,28.5,ANA
Carter Hart,12468,27.5,PHI
Sergei Bobrovsky,12469,26.5,FLA
Tristan Jarry,12470,27.5,PIT
Ukko-Pekka Luukkonen,12470,27.5,BUF
Antti Raanta,12471,24.5,FA
Jordan Binnington,12471,29.5,STL
Linus Ullmark,12472,27.5,OTT
Mackenzie Blackwood,12473,29.5,NJ
Martin Jones,12473,24.5,FA
Jonathan Quick,12474,25.5,NYR
Sam Montembeault,12474,27.5,MTL
Thatcher Demko,12475,27.5,VAN
Marc-Andre Fleury,12476,26.5,MIN
Daniil Tarasov,12476,27.5,CBJ
Scott Wedgewood,12477,26.5,NSH
Kevin Lankinen,12477,28.5,VAN
Anton Forsberg,12478,28.5,OTT
Stuart Skinner,12478,25.5,EDM
Logan Thompson,12479,25.5,WSH
Ilya Sorokin,12479,30.5,NYI
Darcy Kuemper,12480,29.5,LA
Dan Vladar,12481,24.5,CGY
Petr Mrazek,12481,29.5,CHI
Karel Vejmelka,12482,27.5,UTA
Connor Hellebuyck,12482,26.5,WPG
Alex Lyon,12483,26.5,DET
Carter Hart,12484,28.5,PHI
Alex Nedeljkovic,12484,28.5,PIT
Igor Shesterkin,12485,25.5,NYR
Thatcher Demko,12485,27.5,VAN
Marc-Andre Fleury,12486,27.5,MIN
Matt Murray,12486,25.5,NSH
Jeremy Swayman,12487,28.5,BOS
Alexandar Georgiev,12487,24.5,COL
Kaapo Kahkonen,12488,30.5,COL
Martin Jones,12488,23.5,FA
Cam Talbot,12489,25.5,DET
Devon Levi,12490,25.5,BUF
Casey DeSmith,12491,27.5,DAL
Ilya Sorokin,12491,27.5,NYI
Connor Hellebuyck,12493,24.5,WPG
Daniil Tarasov,12493,29.5,CBJ
Joel Hofer,12494,28.5,STL
Anthony Stolarz,12494,26.5,TOR
Petr Mrazek,12495,29.5,CHI
Stuart Skinner,12495,22.5,EDM
Joonas Korpisalo,12496,28.5,BOS
Jacob Markstrom,12496,26.5,NJ
Connor Ingram,12497,26.5,UTA
Samuel Ersson,12498,24.5,PHI
Cayden Primeau,12498,29.5,MTL
Scott Wedgewood,12499,24.5,NSH
Jesper Wallstedt,12499,28.5,MIN
Adin Hill,12500,27.5,VGK
Alexandar Georgiev,12500,25.5,COL
Vitek Vanecek,12501,26.5,SJ
Andrei Vasilevskiy,12501,24.5,TB
Pyotr Kochetkov,12502,23.5,CAR
Thatcher Demko,12503,29.5,VAN
Alex Nedeljkovic,12503,26.5,PIT
Darcy Kuemper,12504,27.5,LA
Joey Daccord,12504,27.5,SEA
Ilya Sorokin,12505,29.5,NYI
Martin Jones,12505,26.5,FA
Mackenzie Blackwood,12506,28.5,NJ
Alex Lyon,12507,28.5,DET
Calvin Pickard,12507,26.5,EDM
Ukko-Pekka Luukkonen,12508,26.5,BUF
Anton Forsberg,12508,29.5,OTT
Sergei Bobrovsky,12509,27.5,FLA
Cam Talbot,12509,27.5,DET
Igor Shesterkin,12510,26.5,NYR
Jordan Binnington,12510,27.5,STL
Petr Mrazek,12511,28.5,CHI
Laurent Brossoit,12511,22.5,CHI
Karel Vejmelka,12512,27.5,UTA
Jacob Markstrom,12512,25.5,NJ
Jeremy Swayman,12513,28.5,BOS
Carter Hart,12515,26.5,PHI
Marc-Andre Fleury,12515,27.5,MIN
Charlie Lindgren,12516,27.5,WSH
Jonathan Quick,12516,27.5,NYR
Ukko-Pekka Luukkonen,12517,25.5,BUF
Joonas Korpisalo,12518,25.5,BOS
Mackenzie Blackwood,12518,30.5,NJ
Nico Daws,12519,28.5,NJ
Sergei Bobrovsky,12519,24.5,FLA
Lukas Dostal,12520,29.5,ANA
Andrei Vasilevskiy,12520,24.5,TB
Sam Montembeault,12521,29.5,MTL
Stuart Skinner,12521,24.5,EDM
Martin Jones,12522,27.5,FA
Alexandar Georgiev,12522,28.5,COL
Daniil Tarasov,12523,27.5,CBJ
Connor Hellebuyck,12524,26.5,WPG
Samuel Ersson,12524,27.5,PHI
Alex Lyon,12525,29.5,DET
Cam Talbot,12525,25.5,DET
Tristan Jarry,12526,28.5,PIT
Antti Raanta,12526,25.5,FA
Ilya Sorokin,12527,29.5,NYI
Petr Mrazek,12528,27.5,CHI
Jeremy Swayman,12529,27.5,BOS
Jordan Binnington,12529,26.5,STL
Filip Gustavsson,12530,25.5,MIN
Connor Ingram,12530,26.5,UTA
Logan Thompson,12531,27.5,WSH
Jacob Markstrom,12531,26.5,NJ
Igor Shesterkin,12532,24.5,NYR
Charlie Lindgren,12532,28.5,WSH
Darcy Kuemper,12532,27.5,LA
Ilya Samsonov,12533,24.5,VGK
James Reimer,12533,29.5,ANA
Ukko-Pekka Luukkonen,12535,23.5,BUF
Kaapo Kahkonen,12535,30.5,COL
Anthony Stolarz,12536,24.5,TOR
Elvis Merzlikins,12537,28.5,CBJ
Antti Raanta,12538,25.5,FA
Tristan Jarry,12539,25.5,PIT
Marc-Andre Fleury,12540,25.5,MIN
Jake Allen,12541,28.5,NJ
Alexandar Georgiev,12541,24.5,COL
Joel Hofer,12542,28.5,STL
Carter Hart,12542,26.5,PHI
Chris Driedger,12544,27.5,FLA
Igor Shesterkin,12544,24.5,NYR
Darcy Kuemper,12545,25.5,LA
John Gibson,12545,27.5,ANA
Mads Sogaard,12546,27.5,OTT
Connor Hellebuyck,12547,24.5,WPG
Cam Talbot,12548,26.5,DET
Mackenzie Blackwood,12549,27.5,NJ
Petr Mrazek,12549,25.5,CHI
Dan Vladar,12550,24.5,CGY
Connor Ingram,12550,28.5,UTA
Stuart Skinner,12551,26.5,EDM
Martin Jones,12551,29.5,FA
Sergei Bobrovsky,12552,23.5,FLA
Alex Lyon,12552,30.5,DET
Nico Daws,12553,25.5,NJ
Sam Montembeault,12553,28.5,MTL
Jake Oettinger,12555,28.5,DAL
Samuel Ersson,12555,25.5,PHI
Alexandar Georgiev,12556,26.5,COL
Jeremy Swayman,12556,27.5,BOS
Jordan Binnington,12557,27.5,STL
Charlie Lindgren,12557,26.5,WSH
Cayden Primeau,12558,29.5,MTL
Joonas Korpisalo,12558,24.5,BOS
Andrei Vasilevskiy,12559,25.5,TB
Filip Gustavsson,12559,27.5,MIN
Stuart Skinner,12560,24.5,EDM
Joey Daccord,12560,28.5,SEA
Dan Vladar,12561,26.5,CGY
Martin Jones,12561,26.5,FA
David Rittich,12562,25.5,LA
Connor Ingram,12563,27.5,UTA
Thatcher Demko,12563,25.5,VAN
Logan Thompson,12564,27.5,WSH
Igor Shesterkin,12564,25.5,NYR
Alex Lyon,12565,30.5,DET
Antti Raanta,12565,23.5,FA
Elvis Merzlikins,12566,28.5,CBJ
Sergei Bobrovsky,12567,25.5,FLA
Marc-Andre Fleury,12567,29.5,MIN
Ilya Sorokin,12568,26.5,NYI
Petr Mrazek,12568,27.5,CHI
Jonas Johansson,12569,27.5,TB
Ukko-Pekka Luukkonen,12569,25.5,BUF
Carter Hart,12570,26.5,PHI
Connor Ingram,12571,27.5,UTA
Connor Hellebuyck,12572,28.5,WPG
Sam Montembeault,12573,28.5,MTL
Linus Ullmark,12573,25.5,OTT
Martin Jones,12574,26.5,FA
Thatcher Demko,12574,27.5,VAN
Nico Daws,12575,25.5,NJ
Scott Wedgewood,12575,26.5,NSH
Jordan Binnington,12576,26.5,STL
Charlie Lindgren,12576,26.5,WSH
Logan Thompson,12577,28.5,WSH
Tristan Jarry,12577,25.5,PIT
Mackenzie Blackwood,12578,26.5,NJ
Dan Vladar,12579,27.5,CGY
Stuart Skinner,12579,25.5,EDM
David Rittich,12580,25.5,LA
Jonathan Quick,12580,27.5,NYR
Mads Sogaard,12581,28.5,OTT
Antti Raanta,12582,23.5,FA
Filip Gustavsson,12582,29.5,MIN
Alex Lyon,12583,28.5,DET
Ilya Sorokin,12584,28.5,NYI
Scott Wedgewood,12584,24.5,NSH
Igor Shesterkin,12585,24.5,NYR
Lukas Dostal,12585,29.5,ANA
Joey Daccord,12586,28.5,SEA
Ilya Samsonov,12586,25.5,VGK
Jeremy Swayman,12587,27.5,BOS
Connor Hellebuyck,12587,27.5,WPG
Vitek Vanecek,12588,27.5,SJ
Logan Thompson,12588,26.5,WSH
Anthony Stolarz,12589,27.5,TOR
Juuse Saros,12589,27.5,NSH
Connor Ingram,12590,28.5,UTA
Tristan Jarry,12590,25.5,PIT
Thatcher Demko,12591,24.5,VAN
Petr Mrazek,12591,27.5,CHI
Kaapo Kahkonen,12592,30.5,COL
David Rittich,12592,22.5,LA
Jake Allen,12593,29.5,NJ
Joonas Korpisalo,12593,25.5,BOS
Jake Oettinger,12594,25.5,DAL
Alex Lyon,12594,27.5,DET
Samuel Ersson,12595,24.5,PHI
Ilya Sorokin,12596,28.5,NYI
Adin Hill,12596,26.5,VGK
Filip Gustavsson,12597,26.5,MIN
Darcy Kuemper,12597,27.5,LA
Jordan Binnington,12598,27.5,STL
Jacob Markstrom,12598,25.5,NJ
Elvis Merzlikins,12599,31.5,CBJ
Stuart Skinner,12599,24.5,EDM
John Gibson,12600,28.5,ANA
Ukko-Pekka Luukkonen,12600,24.5,BUF
Mackenzie Blackwood,12601,28.5,NJ
Igor Shesterkin,12601,23.5,NYR
Laurent Brossoit,12602,27.5,CHI
Ilya Samsonov,12602,25.5,VGK
Karel Vejmelka,12603,30.5,UTA
Sergei Bobrovsky,12603,24.5,FLA
Linus Ullmark,12604,27.5,OTT
Spencer Martin,12604,25.5,CAR
Charlie Lindgren,12605,28.5,WSH
Alexandar Georgiev,12605,25.5,COL
Joey Daccord,12606,24.5,SEA
Arvid Soderblom,12606,27.5,CHI
Joel Hofer,12607,27.5,STL
Casey DeSmith,12607,25.5,DAL
Cam Talbot,12608,26.5,DET
Devon Levi,12608,28.5,BUF
Samuel Ersson,12609,23.5,PHI
Alex Lyon,12609,29.5,DET
Connor Ingram,12610,27.5,UTA
Andrei Vasilevskiy,12610,25.5,TB
Jeremy Swayman,12611,28.5,BOS
Joonas Korpisalo,12611,25.5,BOS
Sam Montembeault,12612,27.5,MTL
Semyon Varlamov,12612,27.5,NYI
Antti Raanta,12613,23.5,FA
Nico Daws,12613,29.5,NJ
Filip Gustavsson,12614,28.5,MIN
Juuse Saros,12614,26.5,NSH
Jake Oettinger,12615,24.5,DAL
Calvin Pickard,12616,23.5,EDM
Petr Mrazek,12616,30.5,CHI
Jacob Markstrom,12617,26.5,NJ
Daniil Tarasov,12617,29.5,CBJ
Igor Shesterkin,12618,23.5,NYR
Adin Hill,12618,27.5,VGK
Alex Nedeljkovic,12619,28.5,PIT
Sergei Bobrovsky,12619,27.5,FLA
Cam Talbot,12620,26.5,DET
Alexandar Georgiev,12620,27.5,COL
Jordan Binnington,12621,27.5,STL
Samuel Ersson,12622,24.5,PHI
Linus Ullmark,12622,28.5,OTT
Charlie Lindgren,12623,27.5,WSH
Jake Oettinger,12623,25.5,DAL
Stuart Skinner,12624,26.5,EDM
Kaapo Kahkonen,12625,30.5,COL
Ukko-Pekka Luukkonen,12625,24.5,BUF
Joonas Korpisalo,12626,25.5,BOS
Tristan Jarry,12627,24.5,PIT
Jake Allen,12627,30.5,NJ
Alex Lyon,12628,27.5,DET
Ilya Samsonov,12629,26.5,VGK
Connor Hellebuyck,12629,27.5,WPG
Connor Ingram,12630,29.5,UTA
Antti Raanta,12630,22.5,FA
Semyon Varlamov,12632,30.5,NYI
Anthony Stolarz,12632,26.5,TOR
Filip Gustavsson,12633,25.5,MIN
Lukas Dostal,12633,29.5,ANA
Thatcher Demko,12634,26.5,VAN
Elvis Merzlikins,12634,27.5,CBJ
Petr Mrazek,12635,28.5,CHI
Jacob Markstrom,12635,24.5,NJ
Joel Hofer,12636,29.5,STL
Daniil Tarasov,12637,28.5,CBJ
Joey Daccord,12637,26.5,SEA
Juuse Saros,12638,28.5,NSH
Mads Sogaard,12638,26.5,OTT
Jordan Binnington,12639,27.5,STL
Elvis Merzlikins,12639,26.5,CBJ
Mackenzie Blackwood,12640,28.5,NJ
Joey Daccord,12640,25.5,SEA
Alex Lyon,12641,29.5,DET
Joonas Korpisalo,12641,24.5,BOS
David Rittich,12642,26.5,LA
Juuse Saros,12642,28.5,NSH
Kaapo Kahkonen,12643,28.5,COL
John Gibson,12643,25.5,ANA
Alexandar Georgiev,12644,26.5,COL
Jonathan Quick,12644,26.5,NYR
Ilya Sorokin,12645,30.5,NYI
Ilya Samsonov,12645,25.5,VGK
Sam Montembeault,12646,28.5,MTL
Charlie Lindgren,12646,24.5,WSH
Jeremy Swayman,12647,26.5,BOS
Jacob Markstrom,12647,26.5,NJ
Tristan Jarry,12648,26.5,PIT
Connor Hellebuyck,12648,28.5,WPG
Anthony Stolarz,12649,26.5,TOR
Sergei Bobrovsky,12649,26.5,FLA
Samuel Ersson,12649,28.5,PHI
Ukko-Pekka Luukkonen,12650,26.5,BUF
Jake Oettinger,12650,28.5,DAL
Pyotr Kochetkov,12651,24.5,CAR
Thatcher Demko,12651,29.5,VAN
Vitek Vanecek,12652,26.5,SJ
Justus Annunen,12652,26.5,COL
Adin Hill,12653,28.5,VGK
Stuart Skinner,12653,25.5,EDM
Jonathan Quick,12654,25.5,NYR
Andrei Vasilevskiy,12654,27.5,TB
Ilya Samsonov,12655,26.5,VGK
Scott Wedgewood,12655,28.5,NSH
Filip Gustavsson,12656,25.5,MIN
Petr Mrazek,12656,27.5,CHI
Sergei Bobrovsky,12657,24.5,FLA
Darcy Kuemper,12657,29.5,LA
Laurent Brossoit,12658,28.5,CHI
Samuel Ersson,12658,25.5,PHI
Vitek Vanecek,12659,26.5,SJ
Jacob Markstrom,12659,27.5,NJ
Linus Ullmark,12660,26.5,OTT
Thatcher Demko,12660,26.5,VAN
Jonas Johansson,12661,27.5,TB
Ilya Sorokin,12661,27.5,NYI
Pyotr Kochetkov,12662,25.5,CAR
Alexandar Georgiev,12662,28.5,COL
Connor Ingram,12663,26.5,UTA
Alex Nedeljkovic,12664,27.5,PIT
Marc-Andre Fleury,12664,27.5,MIN
Igor Shesterkin,12665,23.5,NYR
Petr Mrazek,12665,27.5,CHI
Calvin Pickard,12666,24.5,EDM
John Gibson,12666,29.5,ANA
Sam Montembeault,12667,29.5,MTL
Jake Oettinger,12667,25.5,DAL
Alex Lyon,12668,26.5,DET
Ukko-Pekka Luukkonen,12669,24.5,BUF
Joel Hofer,12669,30.5,STL
Jacob Markstrom,12670,27.5,NJ
Semyon Varlamov,12670,28.5,NYI
Jeremy Swayman,12671,25.5,BOS
Charlie Lindgren,12671,27.5,WSH
Alexandar Georgiev,12672,28.5,COL
Sergei Bobrovsky,12672,26.5,FLA
Andrei Vasilevskiy,12673,26.5,TB
Elvis Merzlikins,12673,27.5,CBJ
Pyotr Kochetkov,12674,25.5,CAR
Cal Petersen,12675,24.5,PHI
Tristan Jarry,12676,27.5,PIT
Connor Hellebuyck,12676,27.5,WPG
Joonas Korpisalo,12677,26.5,BOS
Martin Jones,12677,27.5,FA
Connor Ingram,12678,29.5,UTA
Juuse Saros,12678,24.5,NSH
David Rittich,12679,26.5,LA
Stuart Skinner,12679,26.5,EDM
Jake Allen,12680,28.5,NJ
Jordan Binnington,12680,25.5,STL
Thatcher Demko,12681,26.5,VAN
Darcy Kuemper,12681,26.5,LA
Nico Daws,12682,26.5,NJ
Jacob Markstrom,12683,27.5,NJ
Igor Shesterkin,12683,25.5,NYR
Karel Vejmelka,12684,30.5,UTA
Samuel Ersson,12684,22.5,PHI
Filip Gustavsson,12685,27.5,MIN
Adin Hill,12685,26.5,VGK
Daniil Tarasov,12686,29.5,CBJ
Anton Forsberg,12686,26.5,OTT
Linus Ullmark,12687,26.5,OTT
Andrei Vasilevskiy,12687,25.5,TB
Charlie Lindgren,12688,27.5,WSH
Alexandar Georgiev,12688,26.5,COL
David Rittich,12689,27.5,LA
Ukko-Pekka Luukkonen,12689,27.5,BUF
Cayden Primeau,12690,26.5,MTL
Ilya Samsonov,12691,23.5,VGK
Jordan Binnington,12691,28.5,STL
Ilya Sorokin,12692,26.5,NYI
Philipp Grubauer,12692,26.5,SEA
Juuse Saros,12693,26.5,NSH
Pyotr Kochetkov,12694,26.5,CAR
Jake Oettinger,12694,28.5,DAL
Thatcher Demko,12695,24.5,VAN
Petr Mrazek,12695,27.5,CHI
Stuart Skinner,12696,24.5,EDM
Sergei Bobrovsky,12697,27.5,FLA
Tristan Jarry,12697,28.5,PIT
Connor Hellebuyck,12698,24.5,WPG
Kaapo Kahkonen,12698,30.5,COL
Connor Ingram,12699,27.5,UTA
Marc-Andre Fleury,12699,25.5,MIN
Andrei Vasilevskiy,12700,26.5,TB
Justus Annunen,12700,26.5,COL
Samuel Ersson,12701,26.5,PHI
Ilya Samsonov,12701,26.5,VGK
Sam Montembeault,12702,30.5,MTL
Jonathan Quick,12702,24.5,NYR
Nico Daws,12703,28.5,NJ
David Rittich,12703,27.5,LA
Jeremy Swayman,12704,26.5,BOS
Joey Daccord,12704,26.5,SEA
Joonas Korpisalo,12705,23.5,BOS
John Gibson,12705,30.5,ANA
Ukko-Pekka Luukkonen,12706,28.5,BUF
Eric Comrie,12706,27.5,WPG
Anthony Stolarz,12706,27.5,TOR
Stuart Skinner,12707,24.5,EDM
Jordan Binnington,12707,28.5,STL
Arvid Soderblom,12708,28.5,CHI
Alex Nedeljkovic,12708,25.5,PIT
Mackenzie Blackwood,12709,29.5,NJ
Dustin Wolf,12709,24.5,CGY
Juuse Saros,12710,27.5,NSH
Jake Oettinger,12710,28.5,DAL
Alex Lyon,12711,27.5,DET
Thatcher Demko,12711,25.5,VAN
Karel Vejmelka,12712,29.5,UTA
Linus Ullmark,12713,27.5,OTT
David Rittich,12713,27.5,LA
Jake Oettinger,12714,27.5,DAL
Calvin Pickard,12714,26.5,EDM
Joonas Korpisalo,12715,24.5,BOS
Petr Mrazek,12715,29.5,CHI
James Reimer,12716,28.5,ANA
Jordan Binnington,12717,28.5,STL
Ukko-Pekka Luukkonen,12718,26.5,BUF
Filip Gustavsson,12718,28.5,MIN
Sergei Bobrovsky,12719,26.5,FLA
Martin Jones,12720,24.5,FA
Lukas Dostal,12720,29.5,ANA
Jake Allen,12721,27.5,NJ
Darcy Kuemper,12721,26.5,LA
Samuel Ersson,12722,27.5,PHI
Nico Daws,12722,27.5,NJ
Connor Hellebuyck,12723,25.5,WPG
Thatcher Demko,12723,27.5,VAN
Spencer Martin,12724,25.5,CAR
Adin Hill,12724,28.5,VGK
Kaapo Kahkonen,12725,28.5,COL
Elvis Merzlikins,12725,25.5,CBJ
Ilya Sorokin,12726,28.5,NYI
Igor Shesterkin,12726,26.5,NYR
Tristan Jarry,12727,26.5,PIT
Karel Vejmelka,12728,29.5,UTA
John Gibson,12729,29.5,ANA
Ukko-Pekka Luukkonen,12729,23.5,BUF
Joel Hofer,12730,28.5,STL
Jeremy Swayman,12731,26.5,BOS
Jake Oettinger,12731,27.5,DAL
Casey DeSmith,12732,27.5,DAL
Alex Lyon,12733,27.5,DET
Joey Daccord,12733,25.5,SEA
Stuart Skinner,12734,24.5,EDM
Matt Villalta,12734,28.5,UTA
Connor Hellebuyck,12735,27.5,WPG
Mackenzie Blackwood,12736,28.5,NJ
Andrei Vasilevskiy,12737,27.5,TB
Anton Forsberg,12737,27.5,OTT
Spencer Martin,12738,24.5,CAR
Petr Mrazek,12738,29.5,CHI
Ilya Sorokin,12739,29.5,NYI
Alex Nedeljkovic,12739,27.5,PIT
Sergei Bobrovsky,12740,27.5,FLA
Joonas Korpisalo,12740,27.5,BOS
Scott Wedgewood,12741,27.5,NSH
Igor Shesterkin,12741,26.5,NYR
Charlie Lindgren,12742,27.5,WSH
Marc-Andre Fleury,12743,27.5,MIN
Laurent Brossoit,12743,25.5,CHI
Alexandar Georgiev,12744,25.5,COL
Thatcher Demko,12744,27.5,VAN
Adin Hill,12745,27.5,VGK
Cam Talbot,12746,26.5,DET
Elvis Merzlikins,12746,28.5,CBJ
Ukko-Pekka Luukkonen,12747,25.5,BUF
Sam Montembeault,12747,29.5,MTL
Samuel Ersson,12748,23.5,PHI
Arvid Soderblom,12748,29.5,CHI
Karel Vejmelka,12749,28.5,UTA
Ilya Samsonov,12749,24.5,VGK
Stuart Skinner,12750,25.5,EDM
Linus Ullmark,12750,28.5,OTT
Daniil Tarasov,12751,26.5,CBJ
John Gibson,12751,28.5,ANA
Nico Daws,12752,26.5,NJ
Igor Shesterkin,12752,28.5,NYR
Anton Forsberg,12753,27.5,OTT
Jake Oettinger,12753,28.5,DAL
Tristan Jarry,12754,24.5,PIT
Cayden Primeau,12754,28.5,MTL
Pyotr Kochetkov,12755,26.5,CAR
Sergei Bobrovsky,12755,28.5,FLA
Alex Lyon,12756,28.5,DET
Justus Annunen,12756,26.5,COL
Andrei Vasilevskiy,12757,25.5,TB
Charlie Lindgren,12757,27.5,WSH
Semyon Varlamov,12758,26.5,NYI
Jordan Binnington,12758,27.5,STL
Linus Ullmark,12759,28.5,OTT
Jacob Markstrom,12759,25.5,NJ
Thatcher Demko,12760,26.5,VAN
Philipp Grubauer,12760,24.5,SEA
Adin Hill,12761,28.5,VGK
David Rittich,12762,28.5,LA
Juuse Saros,12762,28.5,NSH
Daniil Tarasov,12763,28.5,CBJ
Ukko-Pekka Luukkonen,12763,26.5,BUF
Petr Mrazek,12764,29.5,CHI
Connor Hellebuyck,12764,24.5,WPG
Filip Gustavsson,12765,28.5,MIN
Calvin Pickard,12765,25.5,EDM
Jordan Binnington,12766,27.5,STL
Alex Lyon,12766,25.5,DET
Andrei Vasilevskiy,12767,27.5,TB
Ilya Sorokin,12767,27.5,NYI
Samuel Ersson,12769,24.5,PHI
Igor Shesterkin,12769,29.5,NYR
Anthony Stolarz,12770,24.5,TOR
Charlie Lindgren,12770,29.5,WSH
Pyotr Kochetkov,12771,25.5,CAR
Jake Oettinger,12771,29.5,DAL
Jeremy Swayman,12772,27.5,BOS
Thatcher Demko,12772,26.5,VAN
Ilya Samsonov,12773,26.5,VGK
Alexandar Georgiev,12773,27.5,COL
Anton Forsberg,12774,25.5,OTT
Logan Thompson,12774,28.5,WSH
Kaapo Kahkonen,12775,29.5,COL
Juuse Saros,12775,25.5,NSH
Marc-Andre Fleury,12776,26.5,MIN
Joey Daccord,12776,25.5,SEA
Stuart Skinner,12777,25.5,EDM
Dan Vladar,12777,28.5,CGY
John Gibson,12778,29.5,ANA
David Rittich,12778,23.5,LA
Jonas Johansson,12779,28.5,TB
Tristan Jarry,12780,27.5,PIT
Cal Petersen,12780,27.5,PHI
Ukko-Pekka Luukkonen,12781,27.5,BUF
Spencer Martin,12781,27.5,CAR
James Reimer,12782,26.5,ANA
Petr Mrazek,12782,27.5,CHI
Connor Hellebuyck,12783,24.5,WPG
Connor Ingram,12783,28.5,UTA
Jonathan Quick,12784,27.5,NYR
Elvis Merzlikins,12784,27.5,CBJ
Anton Forsberg,12786,26.5,OTT
Darcy Kuemper,12786,28.5,LA
Ilya Sorokin,12787,28.5,NYI
Scott Wedgewood,12787,26.5,NSH
David Rittich,12788,27.5,LA
Stuart Skinner,12788,26.5,EDM
Linus Ullmark,12789,27.5,OTT
Philipp Grubauer,12789,25.5,SEA
Sam Montembeault,12790,26.5,MTL
Connor Ingram,12790,27.5,UTA
Ilya Samsonov,12791,24.5,VGK
Adin Hill,12791,29.5,VGK
Sergei Bobrovsky,12792,26.5,FLA
Ukko-Pekka Luukkonen,12792,30.5,BUF
Andrei Vasilevskiy,12793,27.5,TB
Samuel Ersson,12793,23.5,PHI
Alex Lyon,12794,25.5,DET
Charlie Lindgren,12794,27.5,WSH
Joonas Korpisalo,12795,26.5,BOS
Juuse Saros,12795,27.5,NSH
Pyotr Kochetkov,12796,25.5,CAR
Filip Gustavsson,12796,28.5,MIN
Joel Hofer,12797,29.5,STL
Laurent Brossoit,12797,24.5,CHI
Jacob Markstrom,12798,27.5,NJ
Cam Talbot,12798,27.5,DET
Jake Oettinger,12799,28.5,DAL
Alexandar Georgiev,12799,25.5,COL
Thatcher Demko,12800,26.5,VAN
Tristan Jarry,12800,25.5,PIT
Mackenzie Blackwood,12801,30.5,NJ
Nico Daws,12801,24.5,NJ
Elvis Merzlikins,12802,28.5,CBJ
Igor Shesterkin,12802,27.5,NYR
Stuart Skinner,12803,24.5,EDM
Jordan Binnington,12803,30.5,STL
Sam Montembeault,12804,30.5,MTL
Anthony Stolarz,12804,24.5,TOR
Andrei Vasilevskiy,12805,27.5,TB
Ukko-Pekka Luukkonen,12805,26.5,BUF
Joseph Woll,12806,25.5,TOR
Connor Ingram,12806,28.5,UTA
Jeremy Swayman,12807,26.5,BOS
Daniil Tarasov,12808,29.5,CBJ
Spencer Martin,12808,26.5,CAR
Ilya Sorokin,12809,27.5,NYI
Alex Lyon,12809,26.5,DET
Connor Hellebuyck,12810,27.5,WPG
Jake Oettinger,12810,26.5,DAL
Juuse Saros,12811,26.5,NSH
Filip Gustavsson,12811,27.5,MIN
Justus Annunen,12812,25.5,COL
Petr Mrazek,12812,28.5,CHI
Tristan Jarry,12813,25.5,PIT
Philipp Grubauer,12813,26.5,SEA
Thatcher Demko,12814,26.5,VAN
Cam Talbot,12814,27.5,DET
John Gibson,12815,26.5,ANA
Kaapo Kahkonen,12815,28.5,COL
Charlie Lindgren,12816,28.5,WSH
Karel Vejmelka,12817,29.5,UTA
Joonas Korpisalo,12817,24.5,BOS
Nico Daws,12818,25.5,NJ
Connor Hellebuyck,12819,28.5,WPG
Pyotr Kochetkov,12819,25.5,CAR
Jordan Binnington,12820,27.5,STL
Marc-Andre Fleury,12820,25.5,MIN
Stuart Skinner,12821,26.5,EDM
Juuse Saros,12822,28.5,NSH
Alexandar Georgiev,12822,27.5,COL
Ukko-Pekka Luukkonen,12823,25.5,BUF
Logan Thompson,12823,28.5,WSH
Ilya Samsonov,12824,25.5,VGK
Igor Shesterkin,12824,28.5,NYR
Mads Sogaard,12825,28.5,OTT
Felix Sandstrom,12825,26.5,BUF
Cayden Primeau,12826,27.5,MTL
Andrei Vasilevskiy,12826,25.5,TB
Alex Lyon,12827,29.5,DET
Sergei Bobrovsky,12827,24.5,FLA
Linus Ullmark,12828,27.5,OTT
Ilya Sorokin,12828,27.5,NYI
Jake Oettinger,12829,23.5,DAL
Magnus Chrona,12829,30.5,NSH
Elvis Merzlikins,12830,26.5,CBJ
Arvid Soderblom,12830,28.5,CHI
Tristan Jarry,12831,27.5,PIT
Jacob Markstrom,12831,27.5,NJ
Charlie Lindgren,12832,25.5,WSH
Karel Vejmelka,12832,29.5,UTA
Nico Daws,12833,28.5,NJ
Cam Talbot,12833,27.5,DET
Laurent Brossoit,12834,27.5,CHI
Filip Gustavsson,12835,24.5,MIN
Kaapo Kahkonen,12835,30.5,COL
Casey DeSmith,12836,23.5,DAL
Alex Nedeljkovic,12837,28.5,PIT
Calvin Pickard,12837,25.5,EDM
Adin Hill,12838,28.5,VGK
Daniil Tarasov,12838,27.5,CBJ
Jeremy Swayman,12839,29.5,BOS
Igor Shesterkin,12840,29.5,NYR
Sergei Bobrovsky,12840,26.5,FLA
Samuel Ersson,12841,22.5,PHI
Jordan Binnington,12841,29.5,STL
Petr Mrazek,12842,29.5,CHI
Justus Annunen,12842,24.5,COL
Jacob Markstrom,12843,26.5,NJ
Philipp Grubauer,12843,26.5,SEA
Tristan Jarry,12844,25.5,PIT
Jet Greaves,12844,29.5,CBJ
Akira Schmid,12845,28.5,VGK
Anthony Stolarz,12845,28.5,TOR
Linus Ullmark,12846,28.5,OTT
Stuart Skinner,12846,25.5,EDM
Ilya Sorokin,12847,25.5,NYI
Joel Hofer,12847,28.5,STL
Connor Hellebuyck,12848,26.5,WPG
Jake Allen,12849,28.5,NJ
Juuse Saros,12849,25.5,NSH
Connor Ingram,12850,25.5,UTA
Arvid Soderblom,12850,27.5,CHI
Kaapo Kahkonen,12851,30.5,COL
Jake Oettinger,12851,23.5,DAL
Thatcher Demko,12852,27.5,VAN
Cam Talbot,12852,25.5,DET
Ukko-Pekka Luukkonen,12853,27.5,BUF
Ilya Samsonov,12853,26.5,VGK
Alexandar Georgiev,12854,25.5,COL
Alex Lyon,12854,28.5,DET
Mads Sogaard,12855,23.5,OTT
Lukas Dostal,12855,30.5,ANA
Darcy Kuemper,12856,27.5,LA
Tristan Jarry,12856,24.5,PIT
Jeremy Swayman,12857,28.5,BOS
Jordan Binnington,12858,30.5,STL
Nico Daws,12858,24.5,NJ
Sam Montembeault,12859,30.5,MTL
Frederik Andersen,12859,23.5,CAR
Samuel Ersson,12860,27.5,PHI
Jacob Markstrom,12861,26.5,NJ
Andrei Vasilevskiy,12861,26.5,TB
Daniil Tarasov,12862,29.5,CBJ
Calvin Pickard,12862,25.5,EDM
Eric Comrie,12863,27.5,WPG
Karel Vejmelka,12864,27.5,UTA
Marc-Andre Fleury,12864,25.5,MIN
Adin Hill,12865,26.5,VGK
Thatcher Demko,12865,25.5,VAN
Magnus Chrona,12866,29.5,NSH
Ilya Sorokin,12866,24.5,NYI
Cam Talbot,12867,26.5,DET
Joonas Korpisalo,12867,27.5,BOS
Alex Lyon,12868,27.5,DET
Connor Ingram,12868,27.5,UTA
Filip Gustavsson,12869,28.5,MIN
Alexandar Georgiev,12869,26.5,COL
Laurent Brossoit,12870,26.5,CHI
John Gibson,12871,28.5,ANA
Jake Oettinger,12871,22.5,DAL
Pyotr Kochetkov,12872,26.5,CAR
Nico Daws,12872,27.5,NJ
Daniil Tarasov,12873,29.5,CBJ
Kevin Lankinen,12873,26.5,VAN
Stuart Skinner,12874,27.5,EDM
Ukko-Pekka Luukkonen,12874,27.5,BUF
Linus Ullmark,12875,27.5,OTT
Alex Nedeljkovic,12875,26.5,PIT
Anthony Stolarz,12876,26.5,TOR
Andrei Vasilevskiy,12877,26.5,TB
Samuel Ersson,12877,25.5,PHI
Ilya Samsonov,12878,24.5,VGK
Sam Montembeault,12878,29.5,MTL
Charlie Lindgren,12879,25.5,WSH
Petr Mrazek,12879,27.5,CHI
Magnus Chrona,12880,29.5,NSH
Joonas Korpisalo,12880,23.5,BOS
Jordan Binnington,12881,28.5,STL
Igor Shesterkin,12881,26.5,NYR
Connor Hellebuyck,12882,27.5,WPG
Thatcher Demko,12882,26.5,VAN
Adin Hill,12883,26.5,VGK
James Reimer,12883,28.5,ANA
Scott Wedgewood,12884,26.5,NSH
Cam Talbot,12884,26.5,DET
Calvin Pickard,12885,27.5,EDM
Tristan Jarry,12885,28.5,PIT
Marc-Andre Fleury,12886,26.5,MIN
Juuse Saros,12886,26.5,NSH
Frederik Andersen,12887,24.5,CAR
Arvid Soderblom,12888,27.5,CHI
Connor Ingram,12888,26.5,UTA
Semyon Varlamov,12889,24.5,NYI
Joel Hofer,12890,28.5,STL
Jonathan Quick,12891,27.5,NYR
Kaapo Kahkonen,12891,28.5,COL
Charlie Lindgren,12892,28.5,WSH
Connor Hellebuyck,12892,25.5,WPG
Ilya Sorokin,12893,28.5,NYI
David Rittich,12893,25.5,LA
Joonas Korpisalo,12894,27.5,BOS
Tristan Jarry,12894,27.5,PIT
Igor Shesterkin,12895,29.5,NYR
Pyotr Kochetkov,12895,24.5,CAR
Alex Lyon,12896,27.5,DET
Ukko-Pekka Luukkonen,12896,25.5,BUF
Cayden Primeau,12897,26.5,MTL
Elvis Merzlikins,12897,26.5,CBJ
Samuel Ersson,12898,21.5,PHI
Magnus Chrona,12898,30.5,NSH
Sergei Bobrovsky,12899,26.5,FLA
Jake Oettinger,12899,27.5,DAL
Karel Vejmelka,12900,28.5,UTA
Marc-Andre Fleury,12900,25.5,MIN
John Gibson,12901,28.5,ANA
Petr Mrazek,12901,25.5,CHI
Dan Vladar,12902,27.5,CGY
Justus Annunen,12902,27.5,COL
Jacob Markstrom,12902,27.5,NJ
Philipp Grubauer,12903,26.5,SEA
Cam Talbot,12904,25.5,DET
Jordan Binnington,12904,28.5,STL
Connor Hellebuyck,12905,27.5,WPG
Juuse Saros,12905,27.5,NSH
Stuart Skinner,12906,24.5,EDM
Darcy Kuemper,12906,28.5,LA
Casey DeSmith,12907,26.5,DAL
Alexandar Georgiev,12907,26.5,COL
Tristan Jarry,12908,23.5,PIT
Magnus Chrona,12908,30.5,NSH
Elvis Merzlikins,12909,27.5,CBJ
Anton Forsberg,12909,27.5,OTT
Frederik Andersen,12910,25.5,CAR
Sergei Bobrovsky,12910,28.5,FLA
Igor Shesterkin,12911,27.5,NYR
Andrei Vasilevskiy,12911,25.5,TB
Ilya Samsonov,12912,26.5,VGK
Samuel Ersson,12912,25.5,PHI
Sam Montembeault,12913,28.5,MTL
Linus Ullmark,12913,25.5,OTT
Alex Lyon,12914,25.5,DET
Connor Ingram,12914,26.5,UTA
Ukko-Pekka Luukkonen,12915,25.5,BUF
Ilya Sorokin,12915,27.5,NYI
Jake Allen,12916,27.5,NJ
Jake Oettinger,12916,25.5,DAL
Marc-Andre Fleury,12917,23.5,MIN
Lukas Dostal,12917,29.5,ANA
Adin Hill,12918,28.5,VGK
Dustin Wolf,12918,27.5,CGY
Joey Daccord,12919,25.5,SEA
Charlie Lindgren,12919,26.5,WSH
Laurent Brossoit,12920,22.5,CHI
John Gibson,12920,29.5,ANA
Cam Talbot,12921,26.5,DET
Arvid Soderblom,12921,28.5,CHI
Joonas Korpisalo,12922,26.5,BOS
Semyon Varlamov,12922,27.5,NYI
James Reimer,12923,28.5,ANA
Ukko-Pekka Luukkonen,12923,25.5,BUF
Jonathan Quick,12924,28.5,NYR
Tristan Jarry,12924,26.5,PIT
Kaapo Kahkonen,12925,26.5,COL
Andrei Vasilevskiy,12926,27.5,TB
Sergei Bobrovsky,12926,25.5,FLA
Felix Sandstrom,12927,25.5,BUF
Jeremy Swayman,12927,27.5,BOS
Cayden Primeau,12928,29.5,MTL
Ilya Samsonov,12929,27.5,VGK
Pyotr Kochetkov,12929,26.5,CAR
Daniil Tarasov,12930,25.5,CBJ
Magnus Chrona,12930,29.5,NSH
Scott Wedgewood,12931,25.5,NSH
David Rittich,12931,26.5,LA
Jordan Binnington,12932,28.5,STL
Marc-Andre Fleury,12932,24.5,MIN
Casey DeSmith,12933,23.5,DAL
Charlie Lindgren,12933,25.5,WSH
Stuart Skinner,12934,27.5,EDM
Alexandar Georgiev,12934,27.5,COL
Philipp Grubauer,12935,27.5,SEA
Igor Shesterkin,12936,26.5,NYR
Ilya Sorokin,12936,26.5,NYI
Jake Allen,12937,27.5,NJ
Logan Thompson,12937,26.5,WSH
Alex Nedeljkovic,12938,25.5,PIT
Anton Forsberg,12939,28.5,OTT
Elvis Merzlikins,12940,28.5,CBJ
Connor Hellebuyck,12940,27.5,WPG
Devin Cooley,12941,27.5,CGY
Petr Mrazek,12941,26.5,CHI
Joel Hofer,12942,24.5,STL
Lukas Dostal,12942,28.5,ANA
Dustin Wolf,12943,25.5,CGY
Charlie Lindgren,12943,27.5,WSH
Joey Daccord,12944,27.5,SEA
Ukko-Pekka Luukkonen,12944,25.5,BUF
Linus Ullmark,12945,26.5,OTT
Joonas Korpisalo,12945,26.5,BOS
Igor Shesterkin,12946,27.5,NYR
Connor Hellebuyck,12946,27.5,WPG
Tristan Jarry,12947,27.5,PIT
Jake Allen,12947,28.5,NJ
Daniil Tarasov,12948,28.5,CBJ
James Reimer,12948,27.5,ANA
Ilya Samsonov,12949,26.5,VGK
Samuel Ersson,12949,25.5,PHI
Pyotr Kochetkov,12950,25.5,CAR
Ilya Sorokin,12950,28.5,NYI
Justus Annunen,12951,25.5,COL
Jordan Binnington,12951,30.5,STL
Juuse Saros,12952,24.5,NSH
Magnus Chrona,12952,29.5,NSH
Sam Montembeault,12953,30.5,MTL
Calvin Pickard,12953,24.5,EDM
Casey DeSmith,12954,25.5,DAL
John Gibson,12955,28.5,ANA
Filip Gustavsson,12955,24.5,MIN
Andrei Vasilevskiy,12956,27.5,TB
Adin Hill,12956,25.5,VGK
Petr Mrazek,12957,29.5,CHI
Cam Talbot,12957,25.5,DET
Charlie Lindgren,12958,27.5,WSH
Joseph Woll,12958,26.5,TOR
Jake Oettinger,12959,24.5,DAL
Connor Ingram,12959,28.5,UTA
David Rittich,12960,24.5,LA
Marc-Andre Fleury,12960,27.5,MIN
Laurent Brossoit,12961,26.5,CHI
Jake Allen,12961,27.5,NJ
Anton Forsberg,12962,25.5,OTT
Joel Hofer,12962,29.5,STL
Jonathan Quick,12963,26.5,NYR
Jeremy Swayman,12963,27.5,BOS
Ilya Sorokin,12964,25.5,NYI
James Reimer,12964,27.5,ANA
Samuel Ersson,12965,27.5,PHI
Frederik Andersen,12965,24.5,CAR
Kevin Lankinen,12966,28.5,VAN
Sergei Bobrovsky,12966,26.5,FLA
Stuart Skinner,12967,25.5,EDM
Ukko-Pekka Luukkonen,12967,28.5,BUF
Sam Montembeault,12968,27.5,MTL
Casey DeSmith,12968,23.5,DAL
Arvid Soderblom,12969,26.5,CHI
Lukas Dostal,12969,27.5,ANA
Logan Thompson,12970,25.5,WSH
Philipp Grubauer,12970,27.5,SEA
Mackenzie Blackwood,12971,28.5,SJ
Andrei Vasilevskiy,12971,25.5,TB
Darcy Kuemper,12972,28.5,LA
Pyotr Kochetkov,12972,24.5,CAR
Jake Oettinger,12973,26.5,DAL
Tristan Jarry,12973,29.5,PIT
Alexandar Georgiev,12974,25.5,COL
Elvis Merzlikins,12974,30.5,CBJ
Karel Vejmelka,12975,26.5,UTA
Linus Ullmark,12976,27.5,OTT
Samuel Ersson,12976,24.5,PHI
Semyon Varlamov,12977,26.5,NYI
Connor Hellebuyck,12977,27.5,WPG
Alex Lyon,12979,29.5,DET
Ilya Samsonov,12980,27.5,VGK
Stuart Skinner,12980,27.5,EDM
Jake Allen,12981,28.5,NJ
Joonas Korpisalo,12981,26.5,BOS
Sergei Bobrovsky,12982,27.5,FLA
Igor Shesterkin,12982,27.5,NYR
Casey DeSmith,12983,24.5,DAL
Jacob Markstrom,12983,26.5,NJ
Petr Mrazek,12984,26.5,CHI
Devin Cooley,12984,26.5,CGY
Mackenzie Blackwood,12984,26.5,SJ
Cam Talbot,12985,24.5,DET
Andrei Vasilevskiy,12985,28.5,TB
Daniil Tarasov,12986,29.5,CBJ
Adin Hill,12986,25.5,VGK
Connor Hellebuyck,12987,26.5,WPG
Charlie Lindgren,12987,27.5,WSH
Alex Nedeljkovic,12988,30.5,PIT
Ilya Sorokin,12989,26.5,NYI
Kaapo Kahkonen,12989,27.5,COL
Frederik Andersen,12990,24.5,CAR
Joseph Woll,12990,29.5,TOR
Anton Forsberg,12991,27.5,OTT
Calvin Pickard,12991,27.5,EDM
Anthony Stolarz,12992,27.5,TOR
Felix Sandstrom,12992,27.5,BUF
Connor Ingram,12993,27.5,UTA
Jake Oettinger,12993,24.5,DAL
Lukas Dostal,12994,27.5,ANA
Jonas Johansson,12994,24.5,TB
Ukko-Pekka Luukkonen,12995,27.5,BUF
Dustin Wolf,12995,26.5,CGY
Cayden Primeau,12996,26.5,MTL
Philipp Grubauer,12996,25.5,SEA
Logan Thompson,12997,25.5,WSH
Jordan Binnington,12997,29.5,STL
Cam Talbot,12998,26.5,DET
Alex Lyon,12999,26.5,DET
Charlie Lindgren,12999,25.5,WSH
Jeremy Swayman,13000,28.5,BOS
Sergei Bobrovsky,13000,24.5,FLA
Igor Shesterkin,13001,26.5,NYR
Samuel Ersson,13001,26.5,PHI
Alex Nedeljkovic,13002,28.5,PIT
Pyotr Kochetkov,13002,27.5,CAR
Jake Allen,13003,28.5,NJ
Joseph Woll,13003,26.5,TOR
Connor Hellebuyck,13004,28.5,WPG
Stuart Skinner,13004,27.5,EDM
Juuse Saros,13005,26.5,NSH
Petr Mrazek,13006,27.5,CHI
Jacob Markstrom,13006,26.5,NJ
Justus Annunen,13007,24.5,COL
Sam Montembeault,13007,30.5,MTL
Joey Daccord,13008,24.5,SEA
Elvis Merzlikins,13009,27.5,CBJ
Karel Vejmelka,13009,27.5,UTA
Mackenzie Blackwood,13010,28.5,SJ
Scott Wedgewood,13010,24.5,NSH
Joonas Korpisalo,13011,26.5,BOS
Ukko-Pekka Luukkonen,13011,26.5,BUF
Andrei Vasilevskiy,13012,25.5,TB
Linus Ullmark,13012,25.5,OTT
Alex Nedeljkovic,13013,26.5,PIT
Daniil Tarasov,13013,30.5,CBJ
Petr Mrazek,13014,28.5,CHI
Anton Forsberg,13014,25.5,OTT
Anthony Stolarz,13015,26.5,TOR
Semyon Varlamov,13015,28.5,NYI
Cayden Primeau,13016,28.5,MTL
Samuel Ersson,13016,24.5,PHI
Charlie Lindgren,13017,27.5,WSH
Joseph Woll,13017,24.5,TOR
Frederik Andersen,13018,23.5,CAR
James Reimer,13018,31.5,ANA
Filip Gustavsson,13019,24.5,MIN
Mackenzie Blackwood,13019,29.5,SJ
Jordan Binnington,13020,28.5,STL
Dustin Wolf,13020,26.5,CGY
Connor Hellebuyck,13021,28.5,WPG
Logan Thompson,13021,26.5,WSH
Cam Talbot,13022,28.5,DET
Stuart Skinner,13022,26.5,EDM
Igor Shesterkin,13023,29.5,NYR
Alexandar Georgiev,13023,25.5,COL
Philipp Grubauer,13024,24.5,SEA
Connor Ingram,13025,28.5,UTA
Jake Oettinger,13026,25.5,DAL
Casey DeSmith,13026,25.5,DAL
Jake Allen,13027,28.5,NJ
Devon Levi,13027,26.5,BUF
Alex Lyon,13028,29.5,DET
Sergei Bobrovsky,13028,24.5,FLA
Filip Gustavsson,13029,27.5,MIN
Logan Thompson,13029,27.5,WSH
Karel Vejmelka,13032,27.5,UTA
Jonathan Quick,13032,25.5,NYR
Pyotr Kochetkov,13033,23.5,CAR
Sam Montembeault,13033,29.5,MTL
Connor Hellebuyck,13034,27.5,WPG
Joonas Korpisalo,13034,27.5,BOS
Arvid Soderblom,13035,29.5,CHI
Samuel Ersson,13035,23.5,PHI
Elvis Merzlikins,13036,29.5,CBJ
Alex Nedeljkovic,13036,26.5,PIT
Semyon Varlamov,13037,26.5,NYI
Andrei Vasilevskiy,13037,25.5,TB
Jeremy Swayman,13038,25.5,BOS
Charlie Lindgren,13038,25.5,WSH
Ukko-Pekka Luukkonen,13039,26.5,BUF
Ilya Samsonov,13039,26.5,VGK
Joel Hofer,13040,25.5,STL
Mackenzie Blackwood,13040,28.5,SJ
Jake Oettinger,13041,25.5,DAL
Joey Daccord,13041,27.5,SEA
Jacob Markstrom,13042,26.5,NJ
David Rittich,13042,26.5,LA
Lukas Dostal,13043,28.5,ANA
Arturs Silovs,13043,23.5,VAN
Alex Lyon,13044,27.5,DET
Andrei Vasilevskiy,13044,24.5,TB
Samuel Ersson,13045,24.5,PHI
Semyon Varlamov,13045,28.5,NYI
Daniil Tarasov,13046,31.5,CBJ
Justus Annunen,13046,26.5,COL
Igor Shesterkin,13047,27.5,NYR
Tristan Jarry,13047,28.5,PIT
Ilya Samsonov,13048,27.5,VGK
Sergei Bobrovsky,13048,26.5,FLA
Jordan Binnington,13049,29.5,STL
Stuart Skinner,13049,25.5,EDM
Cam Talbot,13050,27.5,DET
Laurent Brossoit,13050,26.5,CHI
Mackenzie Blackwood,13051,26.5,SJ
Anthony Stolarz,13052,24.5,TOR
Sam Montembeault,13052,28.5,MTL
Charlie Lindgren,13053,27.5,WSH
Ukko-Pekka Luukkonen,13053,24.5,BUF
Alex Nedeljkovic,13054,28.5,PIT
Jake Allen,13054,27.5,NJ
Petr Mrazek,13055,28.5,CHI
Ilya Sorokin,13055,24.5,NYI
Joonas Korpisalo,13056,26.5,BOS
Marc-Andre Fleury,13056,25.5,MIN
Linus Ullmark,13057,28.5,OTT
Juuse Saros,13057,25.5,NSH
Lukas Dostal,13058,29.5,ANA
Jacob Markstrom,13058,23.5,NJ
Logan Thompson,13059,25.5,WSH
Casey DeSmith,13059,26.5,DAL
Kaapo Kahkonen,13060,29.5,COL
Igor Shesterkin,13060,26.5,NYR
Joseph Woll,13061,25.5,TOR
Andrei Vasilevskiy,13061,27.5,TB
Calvin Pickard,13062,27.5,EDM
Jake Oettinger,13062,26.5,DAL
Philipp Grubauer,13063,26.5,SEA
Cam Talbot,13063,25.5,DET
Connor Ingram,13064,26.5,UTA
Arturs Silovs,13064,25.5,VAN
Daniil Tarasov,13065,29.5,CBJ
Ilya Sorokin,13065,25.5,NYI
Matt Tomkins,13066,25.5,TB
Cayden Primeau,13066,26.5,MTL
Frederik Andersen,13067,23.5,CAR
Jeremy Swayman,13067,29.5,BOS
Joonas Korpisalo,13068,27.5,BOS
Sergei Bobrovsky,13068,26.5,FLA
Charlie Lindgren,13069,27.5,WSH
Alex Nedeljkovic,13069,25.5,PIT
Justus Annunen,13070,26.5,COL
Filip Gustavsson,13070,28.5,MIN
Jordan Binnington,13071,29.5,STL
Juuse Saros,13071,25.5,NSH
Dustin Wolf,13072,27.5,CGY
Connor Hellebuyck,13072,27.5,WPG
Mackenzie Blackwood,13073,29.5,SJ
David Rittich,13073,23.5,LA
Jonathan Quick,13074,25.5,NYR
Alex Lyon,13074,28.5,DET
Darcy Kuemper,13075,29.5,LA
Pyotr Kochetkov,13075,23.5,CAR
Ukko-Pekka Luukkonen,13076,27.5,BUF
Ivan Fedotov,13076,26.5,PHI
Stuart Skinner,13077,28.5,EDM
Alexandar Georgiev,13077,27.5,COL
Lukas Dostal,13078,27.5,ANA
Logan Thompson,13079,26.5,WSH
Karel Vejmelka,13079,28.5,UTA
Alex Nedeljkovic,13080,26.5,PIT
Linus Ullmark,13081,27.5,OTT
Sergei Bobrovsky,13081,24.5,FLA
Connor Hellebuyck,13082,27.5,WPG
Petr Mrazek,13083,28.5,CHI
Scott Wedgewood,13083,24.5,NSH
Devin Cooley,13084,27.5,CGY
Sam Montembeault,13085,28.5,MTL
Ilya Samsonov,13085,25.5,VGK
Jake Allen,13086,28.5,NJ
Anton Forsberg,13086,26.5,OTT
Jet Greaves,13087,29.5,CBJ
Kevin Lankinen,13088,27.5,VAN
Semyon Varlamov,13088,27.5,NYI
Cam Talbot,13089,25.5,DET
Jacob Markstrom,13090,27.5,NJ
Calvin Pickard,13090,26.5,EDM
Alex Lyon,13091,27.5,DET
Jesper Wallstedt,13092,25.5,MIN
Arvid Soderblom,13092,27.5,CHI
Malcolm Subban,13093,30.5,FA
Frederik Andersen,13093,23.5,CAR
Charlie Lindgren,13094,26.5,WSH
Joonas Korpisalo,13094,24.5,BOS
Mackenzie Blackwood,13095,27.5,SJ
Connor Ingram,13095,25.5,UTA
Juuse Saros,13096,26.5,NSH
Kaapo Kahkonen,13096,28.5,COL
Cayden Primeau,13097,28.5,MTL
Igor Shesterkin,13097,24.5,NYR
Lukas Dostal,13098,28.5,ANA
Jordan Binnington,13098,25.5,STL
Jake Oettinger,13099,27.5,DAL
Alexandar Georgiev,13099,27.5,COL
Ilya Samsonov,13100,26.5,VGK
Alex Nedeljkovic,13100,27.5,PIT
Arturs Silovs,13101,26.5,VAN
Alex Lyon,13102,26.5,DET
Charlie Lindgren,13102,26.5,WSH
Joonas Korpisalo,13103,27.5,BOS
Sergei Bobrovsky,13103,25.5,FLA
Sam Montembeault,13104,28.5,MTL
Samuel Ersson,13104,23.5,PHI
Jake Allen,13105,27.5,NJ
Joseph Woll,13105,25.5,TOR
Semyon Varlamov,13106,27.5,NYI
Igor Shesterkin,13106,26.5,NYR
Andrei Vasilevskiy,13107,24.5,TB
Jet Greaves,13107,28.5,CBJ
Pyotr Kochetkov,13108,23.5,CAR
Jeremy Swayman,13108,28.5,BOS
Jake Oettinger,13109,25.5,DAL
Ukko-Pekka Luukkonen,13109,28.5,BUF
Juuse Saros,13110,26.5,NSH
Connor Hellebuyck,13110,28.5,WPG
Alexandar Georgiev,13111,26.5,COL
Filip Gustavsson,13111,28.5,MIN
Karel Vejmelka,13112,26.5,UTA
Philipp Grubauer,13112,24.5,SEA
Cam Talbot,13113,24.5,DET
Lukas Dostal,13113,27.5,ANA
Mackenzie Blackwood,13114,28.5,SJ
Dustin Wolf,13114,25.5,CGY
Joel Hofer,13115,25.5,STL
Petr Mrazek,13115,28.5,CHI
Adin Hill,13116,28.5,VGK
Stuart Skinner,13116,26.5,EDM
Arturs Silovs,13117,24.5,VAN
Connor Ingram,13117,28.5,UTA
Ilya Samsonov,13118,24.5,VGK
Jake Allen,13118,28.5,NJ
Charlie Lindgren,13119,28.5,WSH
Ukko-Pekka Luukkonen,13119,24.5,BUF
Jonathan Quick,13120,27.5,NYR
Samuel Ersson,13120,25.5,PHI
Alex Lyon,13121,28.5,DET
Alex Nedeljkovic,13121,25.5,PIT
Matt Tomkins,13122,26.5,TB
Anton Forsberg,13122,26.5,OTT
Sam Montembeault,13123,28.5,MTL
Semyon Varlamov,13123,25.5,NYI
Jet Greaves,13124,30.5,CBJ
Sergei Bobrovsky,13124,24.5,FLA
Laurent Brossoit,13125,28.5,CHI
Jake Oettinger,13125,25.5,DAL
Devin Cooley,13126,27.5,CGY
Joey Daccord,13126,23.5,SEA
Jacob Markstrom,13127,26.5,NJ
Cam Talbot,13127,26.5,DET
Frederik Andersen,13128,23.5,CAR
Jordan Binnington,13128,30.5,STL
Kevin Lankinen,13129,25.5,VAN
Arvid Soderblom,13129,29.5,CHI
Karel Vejmelka,13130,28.5,UTA
Calvin Pickard,13130,24.5,EDM
John Gibson,13131,28.5,ANA
Logan Thompson,13132,26.5,WSH
Marc-Andre Fleury,13132,26.5,MIN
Ilya Sorokin,13133,27.5,NYI
Igor Shesterkin,13133,25.5,NYR
Jake Oettinger,13134,24.5,DAL
Connor Hellebuyck,13135,30.5,WPG
Ukko-Pekka Luukkonen,13136,28.5,BUF
Sergei Bobrovsky,13136,25.5,FLA
Samuel Ersson,13137,23.5,PHI
Kaapo Kahkonen,13137,29.5,COL
Andrei Vasilevskiy,13138,24.5,TB
Charlie Lindgren,13138,26.5,WSH
James Reimer,13139,29.5,ANA
Ilya Samsonov,13139,25.5,VGK
Joonas Korpisalo,13140,23.5,BOS
Cayden Primeau,13140,28.5,MTL
Linus Ullmark,13141,27.5,OTT
Alex Nedeljkovic,13141,25.5,PIT
Jet Greaves,13142,31.5,CBJ
Stuart Skinner,13143,25.5,EDM
Casey DeSmith,13143,26.5,DAL
Jesper Wallstedt,13144,25.5,MIN
Mackenzie Blackwood,13144,27.5,SJ
David Rittich,13145,22.5,LA
Lukas Dostal,13145,29.5,ANA
Joey Daccord,13146,25.5,SEA
Joel Hofer,13146,26.5,STL
Adin Hill,13147,27.5,VGK
Alexandar Georgiev,13147,26.5,COL
Pyotr Kochetkov,13148,23.5,CAR
Petr Mrazek,13148,30.5,CHI
Connor Ingram,13149,28.5,UTA
Dustin Wolf,13149,25.5,CGY
Sam Montembeault,13150,27.5,MTL
Alex Lyon,13150,25.5,DET
Juuse Saros,13151,27.5,NSH
Alex Nedeljkovic,13151,28.5,PIT
Charlie Lindgren,13152,25.5,WSH
Jeremy Swayman,13152,25.5,BOS
Semyon Varlamov,13153,25.5,NYI
Jake Allen,13153,27.5,NJ
Eric Comrie,13154,26.5,WPG
Andrei Vasilevskiy,13154,25.5,TB
Igor Shesterkin,13155,25.5,NYR
Joonas Korpisalo,13155,27.5,BOS
Stuart Skinner,13156,22.5,EDM
Devin Cooley,13156,30.5,CGY
Cam Talbot,13157,25.5,DET
Filip Gustavsson,13157,27.5,MIN
Spencer Martin,13158,25.5,CAR
Jet Greaves,13158,29.5,CBJ
Cayden Primeau,13159,27.5,MTL
James Reimer,13159,26.5,ANA
Anton Forsberg,13160,25.5,OTT
Linus Ullmark,13160,26.5,OTT
Charlie Lindgren,13161,28.5,WSH
Samuel Ersson,13161,22.5,PHI
Joseph Woll,13162,28.5,TOR
Anthony Stolarz,13162,26.5,TOR
Connor Hellebuyck,13163,26.5,WPG
Jacob Markstrom,13164,26.5,NJ
Thatcher Demko,13164,25.5,VAN
Logan Thompson,13165,23.5,WSH
Petr Mrazek,13165,29.5,CHI
Martin Jones,13166,25.5,FA
Matt Tomkins,13166,26.5,TB
Alex Nedeljkovic,13167,26.5,PIT
Ilya Sorokin,13167,26.5,NYI
Jordan Binnington,13168,29.5,STL
Jake Oettinger,13168,24.5,DAL
Calvin Pickard,13169,25.5,EDM
Karel Vejmelka,13169,28.5,UTA
Connor Ingram,13169,28.5,UTA
Marc-Andre Fleury,13170,25.5,MIN
Laurent Brossoit,13171,25.5,CHI
Thatcher Demko,13171,26.5,VAN
Dustin Wolf,13172,23.5,CGY
Devin Cooley,13172,29.5,CGY
Justus Annunen,13173,27.5,COL
Adin Hill,13174,23.5,VGK
Cam Talbot,13175,22.5,DET
Arvid Soderblom,13175,29.5,CHI
Ukko-Pekka Luukkonen,13288,23.5,BUF
