game_id,home_team,away_team,home_goaltender,away_goaltender
20622,TB,NSH,Jonas Johansson,Juuse Saros
20623,PIT,CHI,Tristan Jarry,Petr Mrazek
20624,VGK,SEA,Adin Hill,Philipp Grubauer
20625,CAR,OTT,Frederik Andersen,Joonas Korpisalo
20626,TOR,MTL,Ilya Samsonov,Jake Allen
20627,BOS,CHI,Linus Ullmark,Arvid Söderblom
20628,CGY,WPG,Jacob Markstrom,Connor Hellebuyck
20629,LA,COL,Cam Talbot,Alexandar Georgiev
20630,VAN,EDM,Thatcher Demko,Jack Campbell
20631,BUF,NYR,Devon Levi,Igor Shesterkin
20632,NJ,DET,Vitek Vanecek,Ville Husso
20633,CBJ,PHI,Elvis Merzlikins,Carter Hart
20634,DAL,STL,Jake Oettinger,Jordan Binnington
20635,NSH,SEA,Juuse Saros,Philipp Grubauer
20636,MIN,FLA,Filip Gustavsson,Sergei Bobrovsky
20637,SJ,VGK,Kaapo Kahkonen,Logan Thompson
20638,NJ,ARI,Akira Schmid,Karel Vejmelka
20639,WSH,PIT,Charlie Lindgren,Tristan Jarry
20640,OTT,PHI,Anton Forsberg,Carter Hart
20641,WPG,FLA,Connor Hellebuyck,Sergei Bobrovsky
20642,BOS,NSH,Jeremy Swayman,Juuse Saros
20643,DET,TB,Ville Husso,Jonas Johansson
20644,MTL,CHI,Sam Montembeault,Petr Mrazek
20645,PIT,CGY,Alex Nedeljkovic,Jacob Markstrom
20646,TOR,MIN,Ilya Samsonov,Filip Gustavsson
20647,CBJ,NYR,Elvis Merzlikins,Igor Shesterkin
20648,NYI,BUF,Ilya Sorokin,Devon Levi
20649,STL,SEA,Jordan Binnington,Joey Daccord
20650,EDM,VAN,Stuart Skinner,Casey DeSmith
20651,SJ,COL,Mackenzie Blackwood,Alexandar Georgiev
20652,VGK,ANA,Adin Hill,John Gibson
20653,LA,CAR,Pheonix Copley,Frederik Andersen
20654,OTT,TB,Joonas Korpisalo,Matt Tomkins
20655,ANA,CAR,Lukas Dostal,Antti Raanta
20656,NJ,FLA,Vitek Vanecek,Sergei Bobrovsky
20657,NYR,ARI,Igor Shesterkin,Connor Ingram
20658,TOR,CHI,Joseph Woll,Arvid Söderblom
20659,WSH,CGY,Darcy Kuemper,Jacob Markstrom
20660,CBJ,DET,Spencer Martin,James Reimer
20661,BUF,TB,Devon Levi,Jonas Johansson
20662,MTL,MIN,Sam Montembeault,Marc-Andre Fleury
20663,PHI,VAN,Carter Hart,Thatcher Demko
20664,NYI,ARI,Ilya Sorokin,Karel Vejmelka
20665,NSH,EDM,Juuse Saros,Jack Campbell
20666,WPG,LA,Connor Hellebuyck,Cam Talbot
20667,SEA,COL,Philipp Grubauer,Alexandar Georgiev
20668,SJ,CAR,Mackenzie Blackwood,Frederik Andersen
20669,VGK,DAL,Adin Hill,Jake Oettinger
20670,OTT,WSH,Anton Forsberg,Darcy Kuemper
20671,DET,PIT,Ville Husso,Tristan Jarry
20672,BUF,CGY,Devon Levi,Dan Vladar
20673,NYR,NSH,Igor Shesterkin,Juuse Saros
20674,PHI,EDM,Carter Hart,Jack Campbell
20675,TB,VAN,Jonas Johansson,Thatcher Demko
20676,FLA,TOR,Sergei Bobrovsky,Ilya Samsonov
20677,STL,ARI,Joel Hofer,Connor Ingram
20678,WPG,VGK,Laurent Brossoit,Logan Thompson
20679,MIN,LA,Marc-Andre Fleury,Cam Talbot
20680,ANA,DAL,John Gibson,Jake Oettinger
20681,SEA,CAR,Joey Daccord,Antti Raanta
20682,COL,CHI,Alexandar Georgiev,Petr Mrazek
20683,SJ,BOS,Kaapo Kahkonen,Linus Ullmark
20684,CBJ,CGY,Spencer Martin,Jacob Markstrom
20685,NYI,NJ,Ilya Sorokin,Akira Schmid
20686,OTT,DET,Joonas Korpisalo,Ville Husso
20687,ARI,ANA,Karel Vejmelka,Lukas Dostal
20688,BUF,NYI,Eric Comrie,Semyon Varlamov
20689,MTL,WSH,Jake Allen,Darcy Kuemper
20690,TB,TOR,Jonas Johansson,Ilya Samsonov
20691,FLA,VAN,Sergei Bobrovsky,Casey DeSmith
20692,CHI,VGK,Arvid Söderblom,Adin Hill
20693,DAL,PHI,Scott Wedgewood,Samuel Ersson
20694,STL,PIT,Jordan Binnington,Tristan Jarry
20695,NSH,SJ,Juuse Saros,Mackenzie Blackwood
20696,MIN,CBJ,Filip Gustavsson,Elvis Merzlikins
20697,COL,CAR,Alexandar Georgiev,Pyotr Kochetkov
20698,EDM,WPG,Stuart Skinner,Connor Hellebuyck
20699,SEA,NYR,Philipp Grubauer,Jonathan Quick
20700,LA,BOS,Cam Talbot,Jeremy Swayman
20701,DET,CGY,James Reimer,Dan Vladar
20702,ANA,BOS,John Gibson,Linus Ullmark
20703,BUF,MTL,Eric Comrie,Jake Allen
20704,WSH,TOR,Darcy Kuemper,Joseph Woll
20705,CBJ,ANA,Elvis Merzlikins,Lukas Dostal
20706,OTT,BUF,Anton Forsberg,Ukko-Pekka Luukkonen
20707,TB,CAR,Jonas Johansson,Pyotr Kochetkov
20708,MTL,NJ,Cayden Primeau,Vitek Vanecek
20709,PIT,DAL,Alex Nedeljkovic,Jake Oettinger
20710,FLA,SJ,Anthony Stolarz,Mackenzie Blackwood
20711,NYI,COL,Ilya Sorokin,Alexandar Georgiev
20712,DET,SEA,Ville Husso,Joey Daccord
20713,CHI,BOS,Petr Mrazek,Jeremy Swayman
20714,WPG,STL,Connor Hellebuyck,Jordan Binnington
20715,MIN,EDM,Filip Gustavsson,Jack Campbell
20716,NSH,VAN,Juuse Saros,Thatcher Demko
20717,CGY,NYR,Jacob Markstrom,Igor Shesterkin
20718,LA,ARI,Pheonix Copley,Connor Ingram
20719,VGK,PHI,Logan Thompson,Carter Hart
20720,NJ,WSH,Akira Schmid,Hunter Shepard
20721,BOS,ANA,Linus Ullmark,John Gibson
20722,DET,WPG,James Reimer,Connor Hellebuyck
20723,CAR,SEA,Frederik Andersen,Joey Daccord
20724,MTL,CBJ,Sam Montembeault,Elvis Merzlikins
20725,PHI,MIN,Carter Hart,Filip Gustavsson
20726,PIT,COL,Tristan Jarry,Alexandar Georgiev
20727,TB,SJ,Jonas Johansson,Mackenzie Blackwood
20728,NYI,OTT,Ilya Sorokin,Joonas Korpisalo
20729,DAL,TOR,Scott Wedgewood,Joseph Woll
20730,CGY,STL,Jacob Markstrom,Joel Hofer
20731,EDM,NYR,Stuart Skinner,Jonathan Quick
20732,VGK,CHI,Adin Hill,Petr Mrazek
20733,CAR,SJ,Antti Raanta,Kaapo Kahkonen
20734,NJ,BUF,Vitek Vanecek,Eric Comrie
20735,WSH,MIN,Darcy Kuemper,Marc-Andre Fleury
20736,VAN,STL,Thatcher Demko,Jordan Binnington
20737,ARI,LA,Karel Vejmelka,Pheonix Copley
20738,PHI,ANA,Samuel Ersson,Lukas Dostal
20739,FLA,SEA,Sergei Bobrovsky,Joey Daccord
20740,BOS,DET,Jeremy Swayman,Ville Husso
20741,MTL,WPG,Jake Allen,Laurent Brossoit
20742,PIT,OTT,Tristan Jarry,Joonas Korpisalo
20743,NSH,TOR,Juuse Saros,Ilya Samsonov
20744,CBJ,NYI,Spencer Martin,Semyon Varlamov
20745,VAN,NYR,Casey DeSmith,Igor Shesterkin
20746,LA,VGK,Cam Talbot,Logan Thompson
20747,BUF,COL,Ukko-Pekka Luukkonen,Alexandar Georgiev
20748,NJ,MIN,Vitek Vanecek,Marc-Andre Fleury
20749,WSH,SJ,Darcy Kuemper,Mackenzie Blackwood
20750,EDM,CGY,Stuart Skinner,Jacob Markstrom
20751,BOS,FLA,Linus Ullmark,Sergei Bobrovsky
20752,PHI,CAR,Carter Hart,Frederik Andersen
20753,PIT,ANA,Tristan Jarry,John Gibson
20754,TB,SEA,Jonas Johansson,Philipp Grubauer
20755,NYI,DET,Ilya Sorokin,Ville Husso
20756,WPG,NYR,Connor Hellebuyck,Igor Shesterkin
20757,DAL,CBJ,Jake Oettinger,Elvis Merzlikins
20758,ARI,CHI,Connor Ingram,Arvid Söderblom
20759,VGK,MTL,Adin Hill,Sam Montembeault
20760,TOR,LA,Joseph Woll,Cam Talbot
20761,VAN,NSH,Thatcher Demko,Kevin Lankinen
20762,PHI,BUF,Carter Hart,Ukko-Pekka Luukkonen
20763,CGY,DAL,Jacob Markstrom,Jake Oettinger
20764,COL,STL,Ivan Prosvetov,Jordan Binnington
20765,ANA,ARI,Lukas Dostal,Karel Vejmelka
20766,BOS,TOR,Jeremy Swayman,Ilya Samsonov
20767,DET,FLA,James Reimer,Sergei Bobrovsky
20768,NYR,CAR,Igor Shesterkin,Frederik Andersen
20769,OTT,LA,Joonas Korpisalo,Cam Talbot
20770,WSH,NYI,Darcy Kuemper,Semyon Varlamov
20771,CBJ,TB,Elvis Merzlikins,Matt Tomkins
20772,MIN,NJ,Filip Gustavsson,Vitek Vanecek
20773,EDM,DAL,Stuart Skinner,Scott Wedgewood
20774,ARI,MTL,Connor Ingram,Jake Allen
20775,VGK,WPG,Logan Thompson,Connor Hellebuyck
20776,SEA,NSH,Philipp Grubauer,Juuse Saros
20777,SJ,VAN,Kaapo Kahkonen,Thatcher Demko
20778,BUF,PHI,Ukko-Pekka Luukkonen,Samuel Ersson
20779,STL,NJ,Jordan Binnington,Akira Schmid
20780,EDM,NSH,Jack Campbell,Kevin Lankinen
20781,ARI,WPG,Karel Vejmelka,Connor Hellebuyck
20782,DET,BOS,Ville Husso,Linus Ullmark
20783,OTT,TB,Joonas Korpisalo,Jonas Johansson
20784,PHI,LA,Cal Petersen,Cam Talbot
20785,STL,MTL,Joel Hofer,Sam Montembeault
20786,TOR,BUF,Joseph Woll,Devon Levi
20787,WSH,CBJ,Charlie Lindgren,Elvis Merzlikins
20788,NYI,CAR,Ilya Sorokin,Antti Raanta
20789,CHI,FLA,Petr Mrazek,Anthony Stolarz
20790,MIN,NYR,Filip Gustavsson,Jonathan Quick
20791,SJ,PIT,Mackenzie Blackwood,Tristan Jarry
20792,VAN,DAL,Thatcher Demko,Jake Oettinger
20793,VGK,COL,Adin Hill,Alexandar Georgiev
20794,SEA,CGY,Philipp Grubauer,Dan Vladar
20795,CHI,NJ,Arvid Söderblom,Vitek Vanecek
20796,ANA,VGK,John Gibson,Logan Thompson
20797,TOR,TB,Ilya Samsonov,Jonas Johansson
20798,FLA,CBJ,Sergei Bobrovsky,Elvis Merzlikins
20799,DAL,BOS,Jake Oettinger,Jeremy Swayman
20800,VAN,EDM,Thatcher Demko,Stuart Skinner
20801,CAR,BUF,Antti Raanta,Ukko-Pekka Luukkonen
20802,MTL,TB,Jake Allen,Matt Tomkins
20803,NYI,MIN,Semyon Varlamov,Marc-Andre Fleury
20804,NYR,DET,Jonathan Quick,Ville Husso
20805,STL,WPG,Jordan Binnington,Connor Hellebuyck
20806,CGY,NSH,Jacob Markstrom,Juuse Saros
20807,ARI,SEA,Connor Ingram,Joey Daccord
20808,COL,NJ,Alexandar Georgiev,Vitek Vanecek
20809,ANA,PIT,John Gibson,Tristan Jarry
20810,SJ,PHI,Mackenzie Blackwood,Samuel Ersson
20811,TOR,OTT,Joseph Woll,Joonas Korpisalo
20812,WSH,FLA,Darcy Kuemper,Sergei Bobrovsky
20813,VGK,LA,Adin Hill,Cam Talbot
20814,BOS,NYI,Linus Ullmark,Ilya Sorokin
20815,DET,MTL,James Reimer,Cayden Primeau
20816,NYR,MIN,Louis Domingue,Marc-Andre Fleury
20817,OTT,VAN,Anton Forsberg,Casey DeSmith
20818,TB,CHI,Jonas Johansson,Petr Mrazek
20819,CBJ,DAL,Spencer Martin,Jake Oettinger
20820,STL,ARI,Joel Hofer,Karel Vejmelka
20821,WPG,NSH,Laurent Brossoit,Juuse Saros
20822,COL,SEA,Ivan Prosvetov,Philipp Grubauer
20823,LA,PIT,Pheonix Copley,Magnus Hellberg
20824,SJ,EDM,Mackenzie Blackwood,Stuart Skinner
20825,BUF,MIN,Devon Levi,Filip Gustavsson
20826,NJ,WSH,Vitek Vanecek,Charlie Lindgren
20827,TOR,CGY,Joseph Woll,Dan Vladar
20828,FLA,CAR,Sergei Bobrovsky,Antti Raanta
20829,ANA,PHI,Lukas Dostal,Samuel Ersson
20830,VGK,SJ,Adin Hill,Kaapo Kahkonen
20831,DET,CBJ,Ville Husso,Spencer Martin
20832,WPG,DAL,Connor Hellebuyck,Scott Wedgewood
20833,MTL,BOS,Sam Montembeault,Jeremy Swayman
20834,OTT,CGY,Joonas Korpisalo,Dustin Wolf
20835,TB,CAR,Jonas Johansson,Pyotr Kochetkov
20836,TOR,VAN,Ilya Samsonov,Thatcher Demko
20837,NYI,WSH,Semyon Varlamov,Hunter Shepard
20838,PIT,BUF,Tristan Jarry,Ukko-Pekka Luukkonen
20839,NSH,ARI,Juuse Saros,Connor Ingram
20840,COL,STL,Alexandar Georgiev,Jordan Binnington
20841,SEA,EDM,Philipp Grubauer,Stuart Skinner
20842,LA,PHI,Cam Talbot,Cal Petersen
20843,FLA,CHI,Sergei Bobrovsky,Arvid Söderblom
20844,MIN,DAL,Marc-Andre Fleury,Jake Oettinger
20845,MTL,VAN,Jake Allen,Casey DeSmith
20846,NYR,CBJ,Jonathan Quick,Elvis Merzlikins
20847,ANA,SJ,John Gibson,Mackenzie Blackwood
20848,EDM,NYI,Stuart Skinner,Ilya Sorokin
20849,SEA,COL,Joey Daccord,Alexandar Georgiev
20850,BUF,BOS,Devon Levi,Linus Ullmark
20851,MTL,CGY,Sam Montembeault,Jacob Markstrom
20852,WSH,VGK,Charlie Lindgren,Logan Thompson
20853,CBJ,PIT,Elvis Merzlikins,Tristan Jarry
20854,DAL,ARI,Jake Oettinger,Karel Vejmelka
20855,STL,TB,Jordan Binnington,Jonas Johansson
20856,NSH,ANA,Juuse Saros,John Gibson
20857,WPG,NJ,Connor Hellebuyck,Akira Schmid
20858,SJ,FLA,Mackenzie Blackwood,Anthony Stolarz
20859,CAR,PHI,Pyotr Kochetkov,Carter Hart
20860,EDM,SEA,Stuart Skinner,Joey Daccord
20861,COL,ANA,Alexandar Georgiev,Lukas Dostal
20862,VAN,NYI,Thatcher Demko,Ilya Sorokin
20863,OTT,DET,Joonas Korpisalo,James Reimer
20864,MTL,VGK,Cayden Primeau,Adin Hill
20865,PIT,NJ,Tristan Jarry,Vitek Vanecek
20866,CBJ,ARI,Elvis Merzlikins,Connor Ingram
20867,CHI,TB,Petr Mrazek,Jonas Johansson
20868,CGY,VAN,Jacob Markstrom,Casey DeSmith
20869,SEA,NYI,Philipp Grubauer,Semyon Varlamov
20870,LA,FLA,Cam Talbot,Sergei Bobrovsky
20871,SJ,STL,Kaapo Kahkonen,Joel Hofer
20872,DET,TOR,Alex Lyon,Ilya Samsonov
20873,WPG,BUF,Connor Hellebuyck,Eric Comrie
20874,ANA,FLA,John Gibson,Anthony Stolarz
20875,OTT,MIN,Anton Forsberg,Filip Gustavsson
20876,PHI,VGK,Carter Hart,Logan Thompson
20877,NSH,CHI,Kevin Lankinen,Arvid Söderblom
20878,TB,EDM,Jonas Johansson,Stuart Skinner
20879,BOS,MTL,Jeremy Swayman,Jake Allen
20880,CGY,NYI,Jacob Markstrom,Ilya Sorokin
20881,CAR,PIT,Antti Raanta,Tristan Jarry
20882,NJ,NYR,Vitek Vanecek,Igor Shesterkin
20883,WPG,ARI,Laurent Brossoit,Karel Vejmelka
20884,WSH,CBJ,Charlie Lindgren,Elvis Merzlikins
20885,DAL,COL,Jake Oettinger,Alexandar Georgiev
20886,VAN,SEA,Thatcher Demko,Philipp Grubauer
20887,LA,STL,Cam Talbot,Jordan Binnington
20888,MIN,TOR,Marc-Andre Fleury,Joseph Woll
20889,PHI,CBJ,Samuel Ersson,Spencer Martin
20890,PIT,VGK,Alex Nedeljkovic,Adin Hill
20891,CHI,BUF,Petr Mrazek,Ukko-Pekka Luukkonen
20892,ANA,STL,John Gibson,Joel Hofer
20893,TB,BOS,Jonas Johansson,Jeremy Swayman
20894,FLA,EDM,Sergei Bobrovsky,Calvin Pickard
20895,DAL,NYR,Scott Wedgewood,Igor Shesterkin
20896,NSH,COL,Juuse Saros,Alexandar Georgiev
20897,ARI,LA,Connor Ingram,Pheonix Copley
20898,VAN,SJ,Thatcher Demko,Mackenzie Blackwood
20899,SEA,CGY,Philipp Grubauer,Dan Vladar
20900,DET,NJ,Alex Lyon,Vitek Vanecek
20901,CAR,EDM,Antti Raanta,Stuart Skinner
20902,PIT,NYR,Tristan Jarry,Jonathan Quick
20903,TB,WPG,Jonas Johansson,Connor Hellebuyck
20904,WSH,BUF,Darcy Kuemper,Devon Levi
20905,FLA,BOS,Sergei Bobrovsky,Linus Ullmark
20906,CBJ,CHI,Elvis Merzlikins,Petr Mrazek
20907,NYI,PHI,Ilya Sorokin,Carter Hart
20908,ARI,STL,Karel Vejmelka,Jordan Binnington
20909,NSH,CGY,Juuse Saros,Jacob Markstrom
20910,DAL,VGK,Jake Oettinger,Adin Hill
20911,COL,VAN,Alexandar Georgiev,Thatcher Demko
20912,ANA,MTL,John Gibson,Sam Montembeault
20913,SEA,SJ,Joey Daccord,Kaapo Kahkonen
20914,BOS,DET,Jeremy Swayman,Ville Husso
20915,PHI,NYR,Carter Hart,Igor Shesterkin
20916,CHI,TOR,Arvid Söderblom,Ilya Samsonov
20917,NJ,CBJ,Akira Schmid,Elvis Merzlikins
20918,STL,NSH,Joel Hofer,Kevin Lankinen
20919,WSH,EDM,Charlie Lindgren,Stuart Skinner
20920,SJ,MTL,Mackenzie Blackwood,Cayden Primeau
20921,ANA,LA,John Gibson,Cam Talbot
20922,BUF,PIT,Ukko-Pekka Luukkonen,Alex Nedeljkovic
20923,OTT,NYI,Anton Forsberg,Semyon Varlamov
20924,CAR,TB,Antti Raanta,Andrei Vasilevskiy
20925,FLA,WPG,Sergei Bobrovsky,Connor Hellebuyck
20926,DAL,CGY,Jake Oettinger,Jacob Markstrom
20927,MIN,COL,Filip Gustavsson,Alexandar Georgiev
20928,SEA,VAN,Joey Daccord,Thatcher Demko
20929,NYR,BOS,Jonathan Quick,Linus Ullmark
20930,LA,MTL,Pheonix Copley,Jake Allen
20931,NJ,BUF,Vitek Vanecek,Eric Comrie
20932,PIT,TOR,Tristan Jarry,Joseph Woll
20933,NYI,PHI,Ilya Sorokin,Samuel Ersson
20934,COL,CGY,Ivan Prosvetov,Dan Vladar
20935,SJ,VAN,Kaapo Kahkonen,Casey DeSmith
20936,VGK,ARI,Logan Thompson,Connor Ingram
20937,DET,MIN,Alex Lyon,Filip Gustavsson
20938,CHI,STL,Arvid Söderblom,Jordan Binnington
20939,CAR,CBJ,Pyotr Kochetkov,Elvis Merzlikins
20940,NSH,WPG,Juuse Saros,Laurent Brossoit
20941,EDM,ANA,Stuart Skinner,Lukas Dostal
20942,NYR,BUF,Igor Shesterkin,Ukko-Pekka Luukkonen
20943,OTT,FLA,Joonas Korpisalo,Sergei Bobrovsky
20944,CBJ,BOS,Spencer Martin,Jeremy Swayman
20945,COL,TB,Alexandar Georgiev,Andrei Vasilevskiy
20946,CGY,VGK,Dan Vladar,Adin Hill
20947,SJ,WSH,Mackenzie Blackwood,Darcy Kuemper
20948,NJ,NYI,Vitek Vanecek,Ilya Sorokin
20949,PHI,CAR,Carter Hart,Pyotr Kochetkov
20950,TOR,FLA,Joseph Woll,Anthony Stolarz
20951,NSH,PIT,Juuse Saros,Tristan Jarry
20952,WPG,DAL,Connor Hellebuyck,Jake Oettinger
20953,MIN,STL,Filip Gustavsson,Jordan Binnington
20954,CHI,SEA,Petr Mrazek,Philipp Grubauer
20955,EDM,VGK,Stuart Skinner,Logan Thompson
20956,ARI,TB,Connor Ingram,Jonas Johansson
20957,VAN,ANA,Thatcher Demko,John Gibson
20958,CBJ,MTL,Elvis Merzlikins,Sam Montembeault
20959,NYR,DET,Igor Shesterkin,Ville Husso
20960,LA,WSH,Cam Talbot,Charlie Lindgren
20961,BOS,SJ,Jeremy Swayman,Mackenzie Blackwood
20962,DET,CHI,Alex Lyon,Petr Mrazek
20963,CAR,NYI,Pyotr Kochetkov,Semyon Varlamov
20964,MTL,FLA,Cayden Primeau,Sergei Bobrovsky
20965,PHI,NJ,Carter Hart,Akira Schmid
20966,TB,PIT,Andrei Vasilevskiy,Tristan Jarry
20967,TOR,SEA,Joseph Woll,Philipp Grubauer
20968,STL,BUF,Jordan Binnington,Ukko-Pekka Luukkonen
20969,NSH,MIN,Juuse Saros,Filip Gustavsson
20970,WPG,EDM,Connor Hellebuyck,Stuart Skinner
20971,CGY,DAL,Jacob Markstrom,Scott Wedgewood
20972,ARI,COL,Connor Ingram,Alexandar Georgiev
20973,VAN,VGK,Thatcher Demko,Adin Hill
20974,ANA,WSH,John Gibson,Darcy Kuemper
20975,NJ,SJ,Akira Schmid,Kaapo Kahkonen
20976,CBJ,OTT,Elvis Merzlikins,Joonas Korpisalo
20977,DAL,TB,Jake Oettinger,Andrei Vasilevskiy
20978,WPG,CHI,Connor Hellebuyck,Arvid Söderblom
20979,NSH,NYR,Kevin Lankinen,Igor Shesterkin
20980,FLA,NYI,Anthony Stolarz,Ilya Sorokin
20981,CAR,BUF,Pyotr Kochetkov,Eric Comrie
20982,MTL,DET,Jake Allen,Ville Husso
20983,OTT,SEA,Anton Forsberg,Joey Daccord
20984,PIT,PHI,Tristan Jarry,Samuel Ersson
20985,TOR,BOS,Joseph Woll,Linus Ullmark
20986,ARI,STL,Connor Ingram,Joel Hofer
20987,CGY,VAN,Jacob Markstrom,Thatcher Demko
20988,ANA,COL,John Gibson,Ivan Prosvetov
20989,VGK,WSH,Logan Thompson,Darcy Kuemper
20990,MIN,CHI,Marc-Andre Fleury,Petr Mrazek
20991,NYR,SJ,Jonathan Quick,Mackenzie Blackwood
20992,BOS,CBJ,Jeremy Swayman,Spencer Martin
20993,BUF,NSH,Ukko-Pekka Luukkonen,Juuse Saros
20994,LA,COL,Cam Talbot,Alexandar Georgiev
20995,PHI,PIT,Carter Hart,Alex Nedeljkovic
20996,TB,DAL,Andrei Vasilevskiy,Jake Oettinger
20997,MTL,SEA,Sam Montembeault,Philipp Grubauer
20998,WPG,CAR,Laurent Brossoit,Antti Raanta
20999,ARI,WSH,Connor Ingram,Darcy Kuemper
21000,VGK,STL,Logan Thompson,Jordan Binnington
21001,BUF,DET,Eric Comrie,Alex Lyon
21002,OTT,NYR,Anton Forsberg,Igor Shesterkin
21003,CBJ,LA,Elvis Merzlikins,Pheonix Copley
21004,NYI,SJ,Ilya Sorokin,Kaapo Kahkonen
21005,CHI,NSH,Arvid Söderblom,Juuse Saros
21006,CGY,MIN,Dan Vladar,Filip Gustavsson
21007,COL,ANA,Alexandar Georgiev,John Gibson
21008,VAN,NJ,Thatcher Demko,Vitek Vanecek
21009,TB,PIT,Andrei Vasilevskiy,Tristan Jarry
21010,FLA,DAL,Sergei Bobrovsky,Jake Oettinger
21011,STL,VGK,Jordan Binnington,Logan Thompson
21012,EDM,CAR,Stuart Skinner,Pyotr Kochetkov
21013,BOS,BUF,Linus Ullmark,Devon Levi
21014,DET,SJ,Ville Husso,Mackenzie Blackwood
21015,MTL,LA,Sam Montembeault,Cam Talbot
21016,OTT,TOR,Anton Forsberg,Joseph Woll
21017,WSH,DAL,Charlie Lindgren,Scott Wedgewood
21018,NYI,CBJ,Semyon Varlamov,Spencer Martin
21019,NSH,TB,Juuse Saros,Jonas Johansson
21020,CHI,ANA,Petr Mrazek,Lukas Dostal
21021,CGY,CAR,Dustin Wolf,Pyotr Kochetkov
21022,COL,WPG,Alexandar Georgiev,Connor Hellebuyck
21023,ARI,PHI,Connor Ingram,Carter Hart
21024,VAN,MIN,Casey DeSmith,Filip Gustavsson
21025,SEA,NJ,Philipp Grubauer,Akira Schmid
21026,FLA,PIT,Sergei Bobrovsky,Tristan Jarry
21027,CBJ,STL,Jet Greaves,Joel Hofer
21028,EDM,MIN,Stuart Skinner,Marc-Andre Fleury
21029,BOS,ARI,Linus Ullmark,Connor Ingram
21030,CGY,NJ,Dustin Wolf,Vitek Vanecek
21031,DAL,VGK,Jake Oettinger,Logan Thompson
21032,BUF,MTL,Devon Levi,Cayden Primeau
21033,DET,OTT,Alex Lyon,Joonas Korpisalo
21034,TOR,NSH,Ilya Samsonov,Kevin Lankinen
21035,WSH,NYR,Charlie Lindgren,Igor Shesterkin
21036,NYI,LA,Ilya Sorokin,Cam Talbot
21037,CHI,STL,Petr Mrazek,Jordan Binnington
21038,COL,PHI,Ivan Prosvetov,Carter Hart
21039,VAN,CAR,Thatcher Demko,Antti Raanta
21040,SEA,TB,Philipp Grubauer,Andrei Vasilevskiy
21041,CBJ,FLA,Jet Greaves,Anthony Stolarz
21042,EDM,NJ,Calvin Pickard,Akira Schmid
21043,CHI,WSH,Arvid Söderblom,Darcy Kuemper
21044,MTL,NSH,Jake Allen,Juuse Saros
21045,NYR,LA,Jonathan Quick,Pheonix Copley
21046,ANA,WPG,John Gibson,Connor Hellebuyck
21047,SEA,MIN,Joey Daccord,Filip Gustavsson
21048,VGK,SJ,Jiri Patera,Kaapo Kahkonen
21049,BUF,ARI,Devon Levi,Karel Vejmelka
21050,NYI,TOR,Ilya Sorokin,Ilya Samsonov
21051,DAL,DET,Jake Oettinger,James Reimer
21052,COL,CGY,Alexandar Georgiev,Dan Vladar
21053,NYR,TOR,Igor Shesterkin,Martin Jones
21054,OTT,CAR,Joonas Korpisalo,Pyotr Kochetkov
21055,PIT,ARI,Tristan Jarry,Connor Ingram
21056,STL,DET,Jordan Binnington,Ville Husso
21057,NSH,PHI,Juuse Saros,Samuel Ersson
21058,EDM,CHI,Stuart Skinner,Petr Mrazek
21059,VAN,TB,Thatcher Demko,Andrei Vasilevskiy
21060,VGK,CGY,Logan Thompson,Dustin Wolf
21061,SEA,FLA,Joey Daccord,Sergei Bobrovsky
21062,SJ,WPG,Mackenzie Blackwood,Laurent Brossoit
21063,MTL,PIT,Sam Montembeault,Alex Nedeljkovic
21064,NJ,BOS,Vitek Vanecek,Jeremy Swayman
21065,NYI,ANA,Semyon Varlamov,John Gibson
21066,COL,BUF,Ivan Prosvetov,Ukko-Pekka Luukkonen
21067,LA,WPG,Cam Talbot,Connor Hellebuyck
21068,DET,CAR,Ville Husso,Pyotr Kochetkov
21069,PHI,WSH,Samuel Ersson,Charlie Lindgren
21070,TOR,CBJ,Ilya Samsonov,Elvis Merzlikins
21071,STL,OTT,Jordan Binnington,Joonas Korpisalo
21072,MIN,CGY,Filip Gustavsson,Dan Vladar
21073,EDM,TB,Stuart Skinner,Andrei Vasilevskiy
21074,VAN,FLA,Thatcher Demko,Sergei Bobrovsky
21075,SEA,CHI,Joey Daccord,Arvid Söderblom
21076,CAR,NSH,Antti Raanta,Kevin Lankinen
21077,NYR,ANA,Jonathan Quick,Lukas Dostal
21078,NYI,BOS,Ilya Sorokin,Linus Ullmark
21079,DAL,OTT,Jake Oettinger,Anton Forsberg
21080,ARI,SJ,Connor Ingram,Kaapo Kahkonen
21081,VGK,BUF,Logan Thompson,Devon Levi
21082,MIN,VAN,Filip Gustavsson,Casey DeSmith
21083,BOS,NYR,Jeremy Swayman,Igor Shesterkin
21084,MTL,NYI,Sam Montembeault,Semyon Varlamov
21085,PHI,DET,Samuel Ersson,Alex Lyon
21086,TOR,PIT,Martin Jones,Tristan Jarry
21087,WPG,COL,Connor Hellebuyck,Ivan Prosvetov
21088,CBJ,NJ,Daniil Tarasov,Akira Schmid
21089,STL,DAL,Jordan Binnington,Scott Wedgewood
21090,NSH,WSH,Juuse Saros,Charlie Lindgren
21091,ARI,BUF,Karel Vejmelka,Ukko-Pekka Luukkonen
21092,CGY,TB,Dan Vladar,Andrei Vasilevskiy
21093,EDM,FLA,Calvin Pickard,Sergei Bobrovsky
21094,SEA,LA,Joey Daccord,Cam Talbot
21095,CHI,VAN,Petr Mrazek,Thatcher Demko
21096,CAR,WSH,Pyotr Kochetkov,Darcy Kuemper
21097,NJ,ANA,Akira Schmid,John Gibson
21098,COL,SJ,Alexandar Georgiev,Mackenzie Blackwood
21099,VGK,OTT,Adin Hill,Joonas Korpisalo
21100,DET,ANA,Ville Husso,Lukas Dostal
21101,PIT,MIN,Alex Nedeljkovic,Filip Gustavsson
21102,WPG,MTL,Connor Hellebuyck,Jake Allen
21103,DAL,SEA,Scott Wedgewood,Joey Daccord
21104,CGY,FLA,Jacob Markstrom,Anthony Stolarz
21105,BOS,MIN,Linus Ullmark,Marc-Andre Fleury
21106,BUF,CBJ,Devon Levi,Daniil Tarasov
21107,CAR,VGK,Pyotr Kochetkov,Logan Thompson
21108,NJ,PHI,Vitek Vanecek,Samuel Ersson
21109,TB,STL,Andrei Vasilevskiy,Jordan Binnington
21110,TOR,NYR,Martin Jones,Igor Shesterkin
21111,NYI,EDM,Ilya Sorokin,Stuart Skinner
21112,NSH,VAN,Juuse Saros,Casey DeSmith
21113,CHI,COL,Petr Mrazek,Alexandar Georgiev
21114,ARI,OTT,Connor Ingram,Joonas Korpisalo
21115,SJ,LA,Kaapo Kahkonen,David Rittich
21116,WSH,NYI,Darcy Kuemper,Semyon Varlamov
21117,WPG,DET,Laurent Brossoit,James Reimer
21118,LA,SEA,Cam Talbot,Joey Daccord
21119,BUF,TOR,Devon Levi,Ilya Samsonov
21120,NJ,EDM,Akira Schmid,Calvin Pickard
21121,PHI,NSH,Samuel Ersson,Juuse Saros
21122,PIT,CAR,Alex Nedeljkovic,Pyotr Kochetkov
21123,TB,VGK,Andrei Vasilevskiy,Jiri Patera
21124,FLA,STL,Sergei Bobrovsky,Joel Hofer
21125,CBJ,WSH,Elvis Merzlikins,Charlie Lindgren
21126,DAL,VAN,Scott Wedgewood,Thatcher Demko
21127,MIN,MTL,Filip Gustavsson,Sam Montembeault
21128,COL,OTT,Alexandar Georgiev,Joonas Korpisalo
21129,ANA,CGY,Lukas Dostal,Jacob Markstrom
21130,SJ,ARI,Mackenzie Blackwood,Karel Vejmelka
21131,DET,PHI,James Reimer,Carter Hart
21132,NYR,EDM,Jonathan Quick,Stuart Skinner
21133,WPG,BOS,Connor Hellebuyck,Jeremy Swayman
21134,CHI,MTL,Petr Mrazek,Cayden Primeau
21135,FLA,VGK,Sergei Bobrovsky,Jiri Patera
21136,NSH,DAL,Juuse Saros,Scott Wedgewood
21137,CAR,NYI,Pyotr Kochetkov,Ilya Sorokin
21138,NJ,DET,Vitek Vanecek,Michael Hutchinson
21139,OTT,PIT,Anton Forsberg,Alex Nedeljkovic
21140,WSH,TB,Charlie Lindgren,Andrei Vasilevskiy
21141,CBJ,TOR,Daniil Tarasov,Martin Jones
21142,MIN,BOS,Marc-Andre Fleury,Linus Ullmark
21143,NYR,BUF,Igor Shesterkin,Ukko-Pekka Luukkonen
21144,STL,CHI,Jordan Binnington,Arvid Söderblom
21145,ANA,SEA,Lukas Dostal,Joey Daccord
21146,COL,ARI,Alexandar Georgiev,Connor Ingram
21147,LA,CGY,Cam Talbot,Jacob Markstrom
21148,VAN,SJ,Thatcher Demko,Mackenzie Blackwood
21149,NJ,CBJ,Vitek Vanecek,Elvis Merzlikins
21150,NYR,WSH,Igor Shesterkin,Darcy Kuemper
21151,TB,FLA,Andrei Vasilevskiy,Sergei Bobrovsky
21152,TOR,OTT,Martin Jones,Joonas Korpisalo
21153,BUF,BOS,Devon Levi,Jeremy Swayman
21154,NYI,PIT,Ilya Sorokin,Tristan Jarry
21155,STL,DAL,Joel Hofer,Scott Wedgewood
21156,NSH,CAR,Juuse Saros,Pyotr Kochetkov
21157,MIN,DET,Filip Gustavsson,James Reimer
21158,CHI,WPG,Petr Mrazek,Connor Hellebuyck
21159,ARI,COL,Karel Vejmelka,Alexandar Georgiev
21160,CGY,SEA,Jacob Markstrom,Chris Driedger
21161,LA,SJ,David Rittich,Kaapo Kahkonen
21162,ANA,VGK,John Gibson,Logan Thompson
21163,CAR,MTL,Antti Raanta,Cayden Primeau
21164,VAN,PHI,Casey DeSmith,Samuel Ersson
21165,VGK,LA,Logan Thompson,Cam Talbot
21166,SJ,EDM,Magnus Chrona,Stuart Skinner
21167,DET,NSH,Alex Lyon,Juuse Saros
21168,OTT,NJ,Joonas Korpisalo,Nico Daws
21169,FLA,NYR,Sergei Bobrovsky,Jonathan Quick
21170,CBJ,TOR,Elvis Merzlikins,Ilya Samsonov
21171,NYI,WSH,Ilya Sorokin,Charlie Lindgren
21172,DAL,CHI,Scott Wedgewood,Petr Mrazek
21173,STL,COL,Jordan Binnington,Alexandar Georgiev
21174,ANA,ARI,John Gibson,Connor Ingram
21175,SEA,PHI,Joey Daccord,Carter Hart
21176,WPG,MIN,Connor Hellebuyck,Filip Gustavsson
21177,BUF,CBJ,Ukko-Pekka Luukkonen,Daniil Tarasov
21178,BOS,NJ,Linus Ullmark,Vitek Vanecek
21179,PIT,STL,Tristan Jarry,Joel Hofer
21180,TB,NYR,Andrei Vasilevskiy,Igor Shesterkin
21181,TOR,CAR,Martin Jones,Pyotr Kochetkov
21182,WSH,NSH,Hunter Shepard,Yaroslav Askarov
21183,FLA,MTL,Anthony Stolarz,Jake Allen
21184,LA,EDM,Cam Talbot,Stuart Skinner
21185,MIN,WPG,Marc-Andre Fleury,Laurent Brossoit
21186,DET,BOS,Alex Lyon,Jeremy Swayman
21187,OTT,BUF,Anton Forsberg,Devon Levi
21188,PIT,NYI,Alex Nedeljkovic,Ilya Sorokin
21189,TB,MTL,Jonas Johansson,Sam Montembeault
21190,CGY,PHI,Jacob Markstrom,Samuel Ersson
21191,DAL,CHI,Scott Wedgewood,Petr Mrazek
21192,COL,SJ,Alexandar Georgiev,Kaapo Kahkonen
21193,ANA,EDM,John Gibson,Calvin Pickard
21194,SEA,VGK,Joey Daccord,Logan Thompson
21195,NYR,CAR,Igor Shesterkin,Pyotr Kochetkov
21196,PIT,WSH,Tristan Jarry,Darcy Kuemper
21197,CBJ,BOS,Spencer Martin,Linus Ullmark
21198,DAL,MTL,Scott Wedgewood,Sam Montembeault
21199,NSH,CHI,Juuse Saros,Arvid Söderblom
21200,WPG,TB,Connor Hellebuyck,Andrei Vasilevskiy
21201,MIN,CGY,Marc-Andre Fleury,Jacob Markstrom
21202,EDM,PHI,Stuart Skinner,Carter Hart
21203,COL,NYI,Alexandar Georgiev,Semyon Varlamov
21204,ARI,FLA,Karel Vejmelka,Sergei Bobrovsky
21205,VAN,OTT,Thatcher Demko,Anton Forsberg
21206,LA,TOR,Cam Talbot,Martin Jones
21207,SJ,DET,Kaapo Kahkonen,Alex Lyon
21208,WSH,NJ,Hunter Shepard,Nico Daws
21209,ANA,TOR,Lukas Dostal,Martin Jones
21210,BOS,PIT,Jeremy Swayman,Alex Nedeljkovic
21211,MTL,BUF,Jake Allen,Devon Levi
21212,NYR,CHI,Igor Shesterkin,Petr Mrazek
21213,PHI,CBJ,Samuel Ersson,Daniil Tarasov
21214,DAL,COL,Scott Wedgewood,Alexandar Georgiev
21215,STL,VAN,Jordan Binnington,Thatcher Demko
21216,NSH,CGY,Juuse Saros,Dan Vladar
21217,MIN,TB,Marc-Andre Fleury,Andrei Vasilevskiy
21218,ARI,NYI,Connor Ingram,Ilya Sorokin
21219,VGK,FLA,Logan Thompson,Sergei Bobrovsky
21220,SEA,OTT,Joey Daccord,Joonas Korpisalo
21221,LA,DET,David Rittich,Alex Lyon
21222,SJ,WPG,Mackenzie Blackwood,Connor Hellebuyck
21223,NJ,CHI,Vitek Vanecek,Arvid Söderblom
21224,WSH,CAR,Darcy Kuemper,Pyotr Kochetkov
21225,ANA,WPG,John Gibson,Laurent Brossoit
21226,PHI,CGY,Carter Hart,Jacob Markstrom
21227,COL,FLA,Ivan Prosvetov,Sergei Bobrovsky
21228,BOS,TB,Linus Ullmark,Andrei Vasilevskiy
21229,CAR,STL,Antti Raanta,Jordan Binnington
21230,MTL,NYR,Sam Montembeault,Jonathan Quick
21231,NJ,VAN,Nico Daws,Thatcher Demko
21232,PIT,BUF,Tristan Jarry,Ukko-Pekka Luukkonen
21233,SJ,TOR,Mackenzie Blackwood,Martin Jones
21234,CBJ,MIN,Daniil Tarasov,Marc-Andre Fleury
21235,DAL,NSH,Scott Wedgewood,Kevin Lankinen
21236,EDM,OTT,Stuart Skinner,Anton Forsberg
21237,VGK,NYI,Logan Thompson,Ilya Sorokin
21238,CHI,CGY,Petr Mrazek,Dan Vladar
21239,WSH,LA,Darcy Kuemper,Cam Talbot
21240,ARI,WPG,Karel Vejmelka,Connor Hellebuyck
21241,ANA,DET,Lukas Dostal,Alex Lyon
21242,NYR,VAN,Igor Shesterkin,Thatcher Demko
21243,PHI,PIT,Carter Hart,Alex Nedeljkovic
21244,MIN,DAL,Marc-Andre Fleury,Matt Murray
21245,COL,BOS,Alexandar Georgiev,Jeremy Swayman
21246,BUF,SEA,Devon Levi,Joey Daccord
21247,TB,LA,Andrei Vasilevskiy,Cam Talbot
21248,TOR,SJ,Martin Jones,Kaapo Kahkonen
21249,NYI,VAN,Ilya Sorokin,Casey DeSmith
21250,STL,FLA,Joel Hofer,Anthony Stolarz
21251,NSH,ANA,Juuse Saros,Lukas Dostal
21252,WPG,CBJ,Connor Hellebuyck,Daniil Tarasov
21253,CHI,EDM,Petr Mrazek,Stuart Skinner
21254,CGY,OTT,Jacob Markstrom,Joonas Korpisalo
21255,ARI,BOS,Connor Ingram,Linus Ullmark
21256,PHI,MTL,Samuel Ersson,Cayden Primeau
21257,DAL,MIN,Scott Wedgewood,Jesper Wallstedt
21258,COL,VGK,Alexandar Georgiev,Jiri Patera
21259,BUF,OTT,Ukko-Pekka Luukkonen,Anton Forsberg
21260,DET,EDM,Alex Lyon,Calvin Pickard
21261,CAR,ANA,Pyotr Kochetkov,John Gibson
21262,MTL,SJ,Sam Montembeault,Mackenzie Blackwood
21263,PIT,VAN,Alex Nedeljkovic,Thatcher Demko
21264,TB,NJ,Andrei Vasilevskiy,Vitek Vanecek
21265,WSH,SEA,Darcy Kuemper,Joey Daccord
21266,FLA,LA,Sergei Bobrovsky,Cam Talbot
21267,NYI,TOR,Ilya Sorokin,Martin Jones
21268,STL,NYR,Jordan Binnington,Igor Shesterkin
21269,WPG,CHI,Laurent Brossoit,Petr Mrazek
21270,ARI,CGY,Karel Vejmelka,Jacob Markstrom
21271,VGK,BOS,Logan Thompson,Jeremy Swayman
21272,DAL,NSH,Jake Oettinger,Kevin Lankinen
21273,MIN,PHI,Marc-Andre Fleury,Carter Hart
21274,WSH,NYR,Charlie Lindgren,Jonathan Quick
21275,BUF,VAN,Ukko-Pekka Luukkonen,Thatcher Demko
21276,OTT,SJ,Joonas Korpisalo,Mackenzie Blackwood
21277,FLA,NJ,Sergei Bobrovsky,Nico Daws
21278,DET,LA,Alex Lyon,Cam Talbot
21279,CAR,PIT,Antti Raanta,Tristan Jarry
21280,MTL,EDM,Sam Montembeault,Stuart Skinner
21281,TB,ANA,Andrei Vasilevskiy,Lukas Dostal
21282,TOR,COL,Martin Jones,Alexandar Georgiev
21283,WPG,PHI,Connor Hellebuyck,Samuel Ersson
21284,CBJ,SEA,Daniil Tarasov,Joey Daccord
21285,CHI,DAL,Petr Mrazek,Scott Wedgewood
21286,STL,BOS,Jordan Binnington,Jeremy Swayman
21287,NSH,NYI,Juuse Saros,Ilya Sorokin
21288,MIN,ARI,Filip Gustavsson,Connor Ingram
21289,VGK,CGY,Logan Thompson,Jacob Markstrom
21290,NYR,WSH,Igor Shesterkin,Charlie Lindgren
21291,TOR,DET,Ilya Samsonov,James Reimer
21292,BOS,NJ,Jeremy Swayman,Nico Daws
21293,BUF,SJ,Ukko-Pekka Luukkonen,Kaapo Kahkonen
21294,FLA,ANA,Anthony Stolarz,John Gibson
21295,CBJ,VAN,Elvis Merzlikins,Casey DeSmith
21296,CAR,LA,Antti Raanta,David Rittich
21297,PIT,SEA,Tristan Jarry,Joey Daccord
21298,MIN,NYI,Marc-Andre Fleury,Ilya Sorokin
21299,MTL,COL,Jake Allen,Alexandar Georgiev
21300,STL,PHI,Joel Hofer,Carter Hart
21301,VGK,NSH,Logan Thompson,Juuse Saros
21302,NYR,SEA,Igor Shesterkin,Chris Driedger
21303,OTT,COL,Mads Sogaard,Justus Annunen
21304,WSH,ANA,Darcy Kuemper,John Gibson
21305,DAL,LA,Jake Oettinger,Cam Talbot
21306,WPG,NYI,Connor Hellebuyck,Ilya Sorokin
21307,CHI,SJ,Petr Mrazek,Mackenzie Blackwood
21308,CGY,ARI,Dan Vladar,Connor Ingram
21309,EDM,TOR,Stuart Skinner,Martin Jones
21310,NJ,MTL,Nico Daws,Sam Montembeault
21311,FLA,DET,Sergei Bobrovsky,Alex Lyon
21313,BOS,COL,Jeremy Swayman,Alexandar Georgiev
21314,OTT,MTL,Joonas Korpisalo,Cayden Primeau
21315,PHI,DAL,Samuel Ersson,Jake Oettinger
21316,TB,MIN,Andrei Vasilevskiy,Filip Gustavsson
21317,WSH,STL,Charlie Lindgren,Jordan Binnington
21318,CGY,TOR,Dan Vladar,Martin Jones
21319,EDM,SEA,Stuart Skinner,Joey Daccord
21320,LA,NSH,David Rittich,Juuse Saros
21321,VAN,ARI,Thatcher Demko,Connor Ingram
21322,VGK,NYR,Logan Thompson,Igor Shesterkin
21323,CAR,DET,Antti Raanta,Alex Lyon
21324,FLA,MIN,Sergei Bobrovsky,Marc-Andre Fleury
21325,CBJ,NJ,Elvis Merzlikins,Vitek Vanecek
21326,CHI,NYI,Petr Mrazek,Ilya Sorokin
21327,BUF,TB,Ukko-Pekka Luukkonen,Jonas Johansson
21328,PHI,COL,Carter Hart,Alexandar Georgiev
21329,OTT,WPG,Joonas Korpisalo,Connor Hellebuyck
21330,ARI,NSH,Connor Ingram,Juuse Saros
21331,BOS,MTL,Linus Ullmark,Sam Montembeault
21332,NJ,DAL,Nico Daws,Scott Wedgewood
21333,VAN,TOR,Thatcher Demko,Martin Jones
21334,STL,WSH,Jordan Binnington,Charlie Lindgren
21335,CGY,EDM,Dan Vladar,Stuart Skinner
21336,SJ,ANA,Mackenzie Blackwood,John Gibson
21337,VGK,PIT,Logan Thompson,Tristan Jarry
21338,LA,NYR,David Rittich,Jonathan Quick
21339,PHI,OTT,Samuel Ersson,Mads Sogaard
21340,DET,TB,Alex Lyon,Andrei Vasilevskiy
21341,CAR,MIN,Antti Raanta,Filip Gustavsson
21342,NYI,DAL,Ilya Sorokin,Scott Wedgewood
21343,ANA,NYR,Lukas Dostal,Igor Shesterkin
21344,SEA,TOR,Joey Daccord,Ilya Samsonov
21345,BOS,WPG,Jeremy Swayman,Connor Hellebuyck
21346,NJ,VGK,Vitek Vanecek,Logan Thompson
21347,NSH,FLA,Juuse Saros,Anthony Stolarz
21348,ARI,PIT,Connor Ingram,Tristan Jarry
21349,VAN,CHI,Thatcher Demko,Petr Mrazek
21350,LA,SJ,David Rittich,Kaapo Kahkonen
21351,DET,DAL,Alex Lyon,Jake Oettinger
21352,MTL,OTT,Jake Allen,Joonas Korpisalo
21353,PHI,TB,Samuel Ersson,Andrei Vasilevskiy
21354,NYI,VGK,Ilya Sorokin,Adin Hill
21355,MIN,WSH,Filip Gustavsson,Darcy Kuemper
21356,CGY,STL,Jacob Markstrom,Jordan Binnington
21357,EDM,CBJ,Stuart Skinner,Elvis Merzlikins
21358,ANA,BUF,John Gibson,Ukko-Pekka Luukkonen
21359,SJ,NYR,Mackenzie Blackwood,Igor Shesterkin
21360,TOR,WPG,Ilya Samsonov,Laurent Brossoit
21361,FLA,ARI,Sergei Bobrovsky,Karel Vejmelka
21362,BOS,CAR,Linus Ullmark,Spencer Martin
21363,COL,WSH,Alexandar Georgiev,Charlie Lindgren
21364,VAN,STL,Casey DeSmith,Joel Hofer
21365,SEA,CHI,Joey Daccord,Arvid Söderblom
21366,LA,BUF,Cam Talbot,Devon Levi
21367,DET,PHI,Alex Lyon,Samuel Ersson
21368,CAR,NJ,Antti Raanta,Nico Daws
21369,MTL,NYI,Sam Montembeault,Semyon Varlamov
21370,OTT,BOS,Joonas Korpisalo,Jeremy Swayman
21371,TB,ARI,Andrei Vasilevskiy,Connor Ingram
21372,DAL,ANA,Jake Oettinger,John Gibson
21373,MIN,NSH,Filip Gustavsson,Juuse Saros
21374,CGY,CBJ,Jacob Markstrom,Daniil Tarasov
21375,EDM,CHI,Calvin Pickard,Petr Mrazek
21376,NYR,VGK,Igor Shesterkin,Adin Hill
21377,PIT,FLA,Alex Nedeljkovic,Sergei Bobrovsky
21378,COL,LA,Alexandar Georgiev,Cam Talbot
21379,SEA,STL,Joey Daccord,Jordan Binnington
21380,PHI,BOS,Samuel Ersson,Linus Ullmark
21381,DAL,WSH,Jake Oettinger,Charlie Lindgren
21382,EDM,NSH,Stuart Skinner,Kevin Lankinen
21383,SJ,BUF,Kaapo Kahkonen,Ukko-Pekka Luukkonen
21384,DET,VGK,Alex Lyon,Logan Thompson
21385,CAR,ARI,Antti Raanta,Connor Ingram
21386,OTT,NYR,Joonas Korpisalo,Jonathan Quick
21387,PIT,MTL,Tristan Jarry,Jake Allen
21388,TB,NJ,Andrei Vasilevskiy,Vitek Vanecek
21389,WPG,TOR,Connor Hellebuyck,Ilya Samsonov
21390,NYI,FLA,Semyon Varlamov,Anthony Stolarz
21391,MIN,ANA,Filip Gustavsson,Lukas Dostal
21392,CGY,CHI,Jacob Markstrom,Petr Mrazek
21393,VAN,CBJ,Thatcher Demko,Elvis Merzlikins
21394,STL,LA,Joel Hofer,David Rittich
21395,SEA,CBJ,Joey Daccord,Daniil Tarasov
21396,OTT,NSH,Mads Sogaard,Juuse Saros
21397,STL,CBJ,Jordan Binnington,Elvis Merzlikins
21398,SJ,SEA,Mackenzie Blackwood,Joey Daccord
21399,DET,OTT,Alex Lyon,Joonas Korpisalo
21400,NSH,LA,Juuse Saros,David Rittich
21401,ANA,SJ,John Gibson,Kaapo Kahkonen
21402,NYR,COL,Jonathan Quick,Alexandar Georgiev
21403,TOR,NYI,Ilya Samsonov,Ilya Sorokin
21404,BOS,CGY,Jeremy Swayman,Jacob Markstrom
21405,BUF,DAL,Ukko-Pekka Luukkonen,Jake Oettinger
21406,CAR,VAN,Pyotr Kochetkov,Thatcher Demko
21407,NJ,COL,Vitek Vanecek,Justus Annunen
21408,PIT,WPG,Tristan Jarry,Connor Hellebuyck
21409,WSH,MTL,Charlie Lindgren,Sam Montembeault
21410,FLA,PHI,Anthony Stolarz,Samuel Ersson
21411,VGK,EDM,Adin Hill,Stuart Skinner
21412,NYR,TB,Jonathan Quick,Andrei Vasilevskiy
21413,TOR,DAL,Ilya Samsonov,Scott Wedgewood
21414,CHI,MIN,Petr Mrazek,Filip Gustavsson
21415,BOS,VAN,Linus Ullmark,Thatcher Demko
21416,NJ,CGY,Vitek Vanecek,Jacob Markstrom
21417,PHI,WPG,Samuel Ersson,Laurent Brossoit
21418,FLA,WSH,Sergei Bobrovsky,Darcy Kuemper
21419,NYI,TB,Ilya Sorokin,Jonas Johansson
21420,CAR,COL,Pyotr Kochetkov,Alexandar Georgiev
21421,ARI,VGK,Connor Ingram,Adin Hill
21422,MIN,PIT,Marc-Andre Fleury,Alex Nedeljkovic
21423,CHI,NYR,Petr Mrazek,Igor Shesterkin
21424,ANA,EDM,John Gibson,Calvin Pickard
21425,BUF,STL,Ukko-Pekka Luukkonen,Joel Hofer
21426,DET,VAN,Alex Lyon,Casey DeSmith
21427,MTL,DAL,Sam Montembeault,Jake Oettinger
21428,NYI,CGY,Semyon Varlamov,Jacob Markstrom
21429,BOS,WSH,Jeremy Swayman,Charlie Lindgren
21430,FLA,COL,Sergei Bobrovsky,Alexandar Georgiev
21431,CAR,NJ,Pyotr Kochetkov,Vitek Vanecek
21432,OTT,TOR,Joonas Korpisalo,Martin Jones
21433,PHI,SEA,Cal Petersen,Joey Daccord
21434,WPG,PIT,Connor Hellebuyck,Tristan Jarry
21435,CBJ,TB,Elvis Merzlikins,Andrei Vasilevskiy
21436,NSH,ARI,Juuse Saros,Connor Ingram
21437,LA,EDM,David Rittich,Stuart Skinner
21438,MTL,STL,Jake Allen,Jordan Binnington
21439,WSH,VAN,Darcy Kuemper,Thatcher Demko
21440,NJ,SEA,Nico Daws,Joey Daccord
21441,NYR,CGY,Igor Shesterkin,Jacob Markstrom
21442,PHI,ARI,Samuel Ersson,Karel Vejmelka
21443,VGK,MIN,Adin Hill,Filip Gustavsson
21444,BOS,TB,Linus Ullmark,Andrei Vasilevskiy
21445,BUF,LA,Ukko-Pekka Luukkonen,David Rittich
21446,MTL,ANA,Cayden Primeau,Lukas Dostal
21447,OTT,CBJ,Anton Forsberg,Daniil Tarasov
21448,TOR,STL,Ilya Samsonov,Jordan Binnington
21449,WSH,COL,Charlie Lindgren,Alexandar Georgiev
21450,NYI,SEA,Ilya Sorokin,Philipp Grubauer
21451,DAL,CAR,Jake Oettinger,Pyotr Kochetkov
21452,NSH,NJ,Juuse Saros,Nico Daws
21453,CHI,VAN,Petr Mrazek,Thatcher Demko
21454,EDM,DET,Stuart Skinner,Ville Husso
21455,PIT,FLA,Tristan Jarry,Sergei Bobrovsky
21456,WPG,SJ,Connor Hellebuyck,Kaapo Kahkonen
21457,ARI,MIN,Connor Ingram,Marc-Andre Fleury
21458,BOS,SEA,Jeremy Swayman,Joey Daccord
21459,BUF,FLA,Eric Comrie,Anthony Stolarz
21460,NJ,LA,Nico Daws,David Rittich
21461,NYR,MTL,Jonathan Quick,Sam Montembeault
21462,OTT,ANA,Joonas Korpisalo,John Gibson
21463,TB,COL,Andrei Vasilevskiy,Justus Annunen
21464,TOR,PHI,Ilya Samsonov,Samuel Ersson
21465,STL,EDM,Jordan Binnington,Stuart Skinner
21466,CHI,PIT,Arvid Söderblom,Alex Nedeljkovic
21467,CGY,SJ,Dustin Wolf,Mackenzie Blackwood
21468,NSH,DAL,Juuse Saros,Jake Oettinger
21469,VAN,DET,Thatcher Demko,Alex Lyon
21470,ARI,CAR,Karel Vejmelka,Pyotr Kochetkov
21471,DAL,EDM,Jake Oettinger,Calvin Pickard
21472,CHI,OTT,Petr Mrazek,Joonas Korpisalo
21473,CGY,DET,Jacob Markstrom,James Reimer
21474,BOS,LA,Linus Ullmark,David Rittich
21475,STL,NSH,Jordan Binnington,Juuse Saros
21476,TB,FLA,Andrei Vasilevskiy,Sergei Bobrovsky
21477,MIN,BUF,Filip Gustavsson,Ukko-Pekka Luukkonen
21478,MTL,WSH,Jake Allen,Darcy Kuemper
21479,TOR,ANA,Martin Jones,Lukas Dostal
21480,NJ,PHI,Nico Daws,Samuel Ersson
21481,VAN,WPG,Thatcher Demko,Connor Hellebuyck
21482,SJ,CBJ,Kaapo Kahkonen,Elvis Merzlikins
21483,VGK,CAR,Adin Hill,Spencer Martin
21484,NYI,NYR,Ilya Sorokin,Igor Shesterkin
21485,PIT,LA,Tristan Jarry,Cam Talbot
21486,COL,ARI,Alexandar Georgiev,Karel Vejmelka
21487,BUF,ANA,Ukko-Pekka Luukkonen,John Gibson
21488,BOS,DAL,Jeremy Swayman,Jake Oettinger
21489,STL,TOR,Joel Hofer,Ilya Samsonov
21490,MIN,VAN,Filip Gustavsson,Casey DeSmith
21491,SEA,DET,Joey Daccord,Alex Lyon
21492,CGY,WPG,Jacob Markstrom,Connor Hellebuyck
21493,SJ,VGK,Mackenzie Blackwood,Logan Thompson
21494,ARI,EDM,Matt Villalta,Stuart Skinner
21495,CAR,CHI,Spencer Martin,Petr Mrazek
21496,TB,OTT,Andrei Vasilevskiy,Anton Forsberg
21497,NYR,DAL,Igor Shesterkin,Scott Wedgewood
21498,PIT,NYI,Alex Nedeljkovic,Ilya Sorokin
21499,WSH,NJ,Charlie Lindgren,Nico Daws
21500,FLA,OTT,Sergei Bobrovsky,Joonas Korpisalo
21501,WPG,MIN,Laurent Brossoit,Marc-Andre Fleury
21502,COL,VAN,Alexandar Georgiev,Thatcher Demko
21503,VGK,NSH,Adin Hill,Kevin Lankinen
21504,LA,CBJ,Cam Talbot,Elvis Merzlikins
21505,MTL,BUF,Sam Montembeault,Ukko-Pekka Luukkonen
21506,CHI,PHI,Arvid Söderblom,Samuel Ersson
21507,EDM,BOS,Stuart Skinner,Jeremy Swayman
21508,ARI,TOR,Karel Vejmelka,Ilya Samsonov
21509,ANA,CBJ,John Gibson,Daniil Tarasov
21510,DET,COL,Alex Lyon,Justus Annunen
21511,CAR,FLA,Pyotr Kochetkov,Sergei Bobrovsky
21512,NJ,NYR,Nico Daws,Igor Shesterkin
21513,OTT,DAL,Anton Forsberg,Jake Oettinger
21514,PIT,MTL,Tristan Jarry,Cayden Primeau
21515,TB,WSH,Andrei Vasilevskiy,Charlie Lindgren
21516,STL,NYI,Jordan Binnington,Semyon Varlamov
21517,CGY,BOS,Jacob Markstrom,Linus Ullmark
21518,VGK,TOR,Adin Hill,Martin Jones
21519,SEA,VAN,Philipp Grubauer,Thatcher Demko
21520,LA,NSH,David Rittich,Juuse Saros
21521,CBJ,BUF,Daniil Tarasov,Ukko-Pekka Luukkonen
21522,CHI,WPG,Petr Mrazek,Connor Hellebuyck
21523,EDM,MIN,Calvin Pickard,Filip Gustavsson
21524,NJ,MTL,Nico Daws,Jake Allen
21525,NYI,TB,Ilya Sorokin,Andrei Vasilevskiy
21526,PHI,NYR,Samuel Ersson,Igor Shesterkin
21527,FLA,WSH,Anthony Stolarz,Charlie Lindgren
21528,DET,STL,Alex Lyon,Jordan Binnington
21529,CAR,DAL,Pyotr Kochetkov,Jake Oettinger
21530,OTT,VGK,Anton Forsberg,Logan Thompson
21531,COL,TOR,Alexandar Georgiev,Ilya Samsonov
21532,VAN,BOS,Thatcher Demko,Jeremy Swayman
21533,EDM,CGY,Stuart Skinner,Dan Vladar
21534,SJ,NSH,Kaapo Kahkonen,Juuse Saros
21535,SEA,MIN,Joey Daccord,Marc-Andre Fleury
21536,LA,ANA,David Rittich,John Gibson
21537,NJ,TB,Akira Schmid,Jonas Johansson
21538,PIT,PHI,Tristan Jarry,Cal Petersen
21539,BUF,CAR,Ukko-Pekka Luukkonen,Spencer Martin
21540,CHI,DET,Petr Mrazek,James Reimer
21541,WPG,ARI,Connor Hellebuyck,Connor Ingram
21542,CBJ,NYR,Elvis Merzlikins,Jonathan Quick
21543,ANA,NSH,Lukas Dostal,Kevin Lankinen
21544,WSH,OTT,Darcy Kuemper,Anton Forsberg
21545,DAL,NYI,Scott Wedgewood,Ilya Sorokin
21546,EDM,LA,Stuart Skinner,David Rittich
21547,SEA,BOS,Philipp Grubauer,Linus Ullmark
21548,DET,WSH,Alex Lyon,Charlie Lindgren
21549,MTL,ARI,Sam Montembeault,Connor Ingram
21550,PHI,TB,Samuel Ersson,Andrei Vasilevskiy
21551,TOR,VGK,Ilya Samsonov,Adin Hill
21552,FLA,BUF,Sergei Bobrovsky,Ukko-Pekka Luukkonen
21553,NSH,OTT,Juuse Saros,Joonas Korpisalo
21554,WPG,STL,Laurent Brossoit,Joel Hofer
21555,MIN,CAR,Filip Gustavsson,Pyotr Kochetkov
21556,CGY,LA,Jacob Markstrom,Cam Talbot
21557,COL,DAL,Alexandar Georgiev,Jake Oettinger
21558,VAN,PIT,Thatcher Demko,Tristan Jarry
21559,SJ,NJ,Mackenzie Blackwood,Nico Daws
21560,NYR,CBJ,Igor Shesterkin,Elvis Merzlikins
21561,EDM,STL,Stuart Skinner,Jordan Binnington
21562,BOS,VGK,Jeremy Swayman,Adin Hill
21563,DET,NYI,Alex Lyon,Ilya Sorokin
21564,TB,BUF,Andrei Vasilevskiy,Ukko-Pekka Luukkonen
21565,TOR,ARI,Joseph Woll,Connor Ingram
21566,FLA,MTL,Anthony Stolarz,Sam Montembeault
21567,CBJ,CAR,Daniil Tarasov,Spencer Martin
21568,DAL,WPG,Jake Oettinger,Connor Hellebuyck
21569,NSH,MIN,Juuse Saros,Filip Gustavsson
21570,CHI,COL,Petr Mrazek,Justus Annunen
21571,VAN,LA,Thatcher Demko,Cam Talbot
21572,SEA,PIT,Philipp Grubauer,Tristan Jarry
21573,SJ,ANA,Kaapo Kahkonen,John Gibson
21574,OTT,ARI,Anton Forsberg,Karel Vejmelka
21575,WSH,PHI,Charlie Lindgren,Samuel Ersson
21576,ANA,NJ,Lukas Dostal,Nico Daws
21577,CAR,WPG,Pyotr Kochetkov,Connor Hellebuyck
21578,NYI,BOS,Ilya Sorokin,Linus Ullmark
21579,SEA,EDM,Philipp Grubauer,Stuart Skinner
21580,NSH,COL,Juuse Saros,Alexandar Georgiev
21581,BUF,VGK,Ukko-Pekka Luukkonen,Logan Thompson
21582,DET,FLA,Alex Lyon,Sergei Bobrovsky
21583,PHI,OTT,Felix Sandstrom,Mads Sogaard
21584,TB,MTL,Andrei Vasilevskiy,Cayden Primeau
21585,TOR,NYR,Ilya Samsonov,Igor Shesterkin
21586,CHI,CBJ,Arvid Söderblom,Elvis Merzlikins
21587,DAL,SJ,Jake Oettinger,Magnus Chrona
21588,STL,MIN,Jordan Binnington,Marc-Andre Fleury
21589,CGY,PIT,Jacob Markstrom,Tristan Jarry
21590,WSH,ARI,Charlie Lindgren,Karel Vejmelka
21591,LA,NJ,Cam Talbot,Nico Daws
21592,BUF,WPG,Ukko-Pekka Luukkonen,Laurent Brossoit
21593,MIN,SJ,Filip Gustavsson,Kaapo Kahkonen
21594,ANA,VAN,Lukas Dostal,Casey DeSmith
21595,EDM,PIT,Calvin Pickard,Alex Nedeljkovic
21596,NYR,FLA,Igor Shesterkin,Sergei Bobrovsky
21597,PHI,STL,Samuel Ersson,Jordan Binnington
21598,TOR,BOS,Joseph Woll,Jeremy Swayman
21599,CBJ,VGK,Daniil Tarasov,Adin Hill
21600,COL,CHI,Justus Annunen,Petr Mrazek
21601,CGY,SEA,Jacob Markstrom,Philipp Grubauer
21602,BOS,EDM,Linus Ullmark,Stuart Skinner
21603,NJ,FLA,Akira Schmid,Anthony Stolarz
21604,PIT,CBJ,Tristan Jarry,Jet Greaves
21605,NYI,STL,Ilya Sorokin,Joel Hofer
21606,NSH,MTL,Juuse Saros,Jake Allen
21607,WPG,SEA,Connor Hellebuyck,Joey Daccord
21608,ARI,CHI,Connor Ingram,Arvid Söderblom
21609,LA,VAN,Cam Talbot,Thatcher Demko
21610,SJ,DAL,Kaapo Kahkonen,Jake Oettinger
21611,TOR,BUF,Ilya Samsonov,Ukko-Pekka Luukkonen
21612,COL,DET,Alexandar Georgiev,Alex Lyon
21613,ANA,OTT,Lukas Dostal,Mads Sogaard
21614,BOS,TOR,Jeremy Swayman,Joseph Woll
21615,CAR,MTL,Frederik Andersen,Sam Montembeault
21616,NJ,STL,Nico Daws,Jordan Binnington
21617,PIT,WSH,Tristan Jarry,Charlie Lindgren
21618,TB,CGY,Andrei Vasilevskiy,Jacob Markstrom
21619,FLA,PHI,Sergei Bobrovsky,Samuel Ersson
21620,CBJ,EDM,Daniil Tarasov,Calvin Pickard
21621,NSH,BUF,Juuse Saros,Eric Comrie
21622,ARI,MIN,Karel Vejmelka,Marc-Andre Fleury
21623,VGK,VAN,Adin Hill,Thatcher Demko
21624,LA,OTT,Cam Talbot,Joonas Korpisalo
21625,SJ,NYI,Magnus Chrona,Ilya Sorokin
21626,COL,MIN,Alexandar Georgiev,Filip Gustavsson
21627,ARI,DET,Connor Ingram,Alex Lyon
21628,ANA,DAL,John Gibson,Jake Oettinger
21629,SEA,WPG,Joey Daccord,Laurent Brossoit
21630,BUF,EDM,Ukko-Pekka Luukkonen,Stuart Skinner
21631,NJ,CAR,Nico Daws,Pyotr Kochetkov
21632,CBJ,NSH,Daniil Tarasov,Kevin Lankinen
21633,BOS,PIT,Linus Ullmark,Alex Nedeljkovic
21634,FLA,CGY,Anthony Stolarz,Jacob Markstrom
21635,MTL,TOR,Sam Montembeault,Ilya Samsonov
21636,SJ,OTT,Magnus Chrona,Joonas Korpisalo
21637,TB,PHI,Andrei Vasilevskiy,Samuel Ersson
21638,WSH,CHI,Charlie Lindgren,Petr Mrazek
21639,NYR,STL,Igor Shesterkin,Jordan Binnington
21640,VAN,WPG,Thatcher Demko,Connor Hellebuyck
21641,VGK,DET,Adin Hill,James Reimer
21642,LA,DAL,Cam Talbot,Scott Wedgewood
21643,PIT,EDM,Tristan Jarry,Calvin Pickard
21644,MIN,NSH,Marc-Andre Fleury,Juuse Saros
21645,CAR,CGY,Frederik Andersen,Dan Vladar
21646,CHI,ARI,Arvid Söderblom,Connor Ingram
21647,ANA,NYI,Lukas Dostal,Semyon Varlamov
21648,BOS,STL,Jeremy Swayman,Joel Hofer
21649,NYR,NJ,Jonathan Quick,Kaapo Kahkonen
21650,WPG,WSH,Connor Hellebuyck,Charlie Lindgren
21651,LA,NYI,David Rittich,Ilya Sorokin
21652,BUF,DET,Ukko-Pekka Luukkonen,Alex Lyon
21653,CAR,NYR,Pyotr Kochetkov,Igor Shesterkin
21654,MTL,CBJ,Cayden Primeau,Elvis Merzlikins
21655,OTT,PIT,Joonas Korpisalo,Tristan Jarry
21656,PHI,SJ,Samuel Ersson,Magnus Chrona
21657,DAL,FLA,Jake Oettinger,Sergei Bobrovsky
21658,MIN,ARI,Marc-Andre Fleury,Karel Vejmelka
21659,CHI,ANA,Petr Mrazek,John Gibson
21660,CGY,COL,Dan Vladar,Justus Annunen
21661,SEA,VGK,Philipp Grubauer,Adin Hill
21662,STL,LA,Jordan Binnington,Cam Talbot
21663,WPG,NSH,Connor Hellebuyck,Juuse Saros
21664,EDM,WSH,Stuart Skinner,Darcy Kuemper
21665,VAN,COL,Casey DeSmith,Alexandar Georgiev
21666,BUF,NYI,Ukko-Pekka Luukkonen,Ilya Sorokin
21667,DET,ARI,Alex Lyon,Connor Ingram
21668,CAR,FLA,Frederik Andersen,Sergei Bobrovsky
21669,MTL,BOS,Sam Montembeault,Linus Ullmark
21670,PHI,TOR,Samuel Ersson,Ilya Samsonov
21671,PIT,SJ,Tristan Jarry,Magnus Chrona
21672,TB,NYR,Andrei Vasilevskiy,Igor Shesterkin
21673,CBJ,OTT,Elvis Merzlikins,Anton Forsberg
21674,DAL,NJ,Jake Oettinger,Jake Allen
21675,MIN,ANA,Marc-Andre Fleury,Lukas Dostal
21676,CGY,VGK,Dustin Wolf,Adin Hill
21677,SEA,WSH,Joey Daccord,Charlie Lindgren
21678,WPG,ANA,Laurent Brossoit,John Gibson
21679,CHI,LA,Arvid Söderblom,Cam Talbot
21680,DET,BUF,James Reimer,Ukko-Pekka Luukkonen
21681,NYI,OTT,Semyon Varlamov,Joonas Korpisalo
21682,PIT,NYR,Tristan Jarry,Jonathan Quick
21683,ARI,NJ,Karel Vejmelka,Kaapo Kahkonen
21684,FLA,TB,Sergei Bobrovsky,Andrei Vasilevskiy
21685,BOS,PHI,Jeremy Swayman,Felix Sandstrom
21686,CGY,MTL,Dustin Wolf,Cayden Primeau
21687,TOR,CAR,Ilya Samsonov,Pyotr Kochetkov
21688,CBJ,SJ,Daniil Tarasov,Magnus Chrona
21689,DAL,LA,Scott Wedgewood,David Rittich
21690,STL,MIN,Jordan Binnington,Marc-Andre Fleury
21691,EDM,COL,Stuart Skinner,Alexandar Georgiev
21692,VAN,WSH,Casey DeSmith,Charlie Lindgren
21693,SEA,NSH,Philipp Grubauer,Juuse Saros
21694,NYR,NYI,Igor Shesterkin,Ilya Sorokin
21695,VGK,NJ,Logan Thompson,Jake Allen
21696,CHI,SJ,Petr Mrazek,Devin Cooley
21697,OTT,CAR,Anton Forsberg,Frederik Andersen
21698,PIT,DET,Alex Nedeljkovic,Alex Lyon
21699,CBJ,WPG,Elvis Merzlikins,Connor Hellebuyck
21700,STL,ANA,Joel Hofer,Lukas Dostal
21701,CGY,WSH,Dustin Wolf,Charlie Lindgren
21702,SEA,BUF,Joey Daccord,Ukko-Pekka Luukkonen
21703,BOS,OTT,Linus Ullmark,Joonas Korpisalo
21704,DET,CBJ,James Reimer,Daniil Tarasov
21705,NJ,PIT,Jake Allen,Tristan Jarry
21706,NYR,WPG,Igor Shesterkin,Connor Hellebuyck
21707,PHI,TOR,Samuel Ersson,Ilya Samsonov
21708,NYI,CAR,Ilya Sorokin,Pyotr Kochetkov
21709,STL,COL,Jordan Binnington,Justus Annunen
21710,NSH,SJ,Juuse Saros,Magnus Chrona
21711,EDM,MTL,Calvin Pickard,Sam Montembeault
21712,LA,CHI,Cam Talbot,Petr Mrazek
21713,VAN,BUF,Casey DeSmith,Devon Levi
21714,ANA,MIN,John Gibson,Filip Gustavsson
21715,VGK,TB,Adin Hill,Andrei Vasilevskiy
21716,WSH,TOR,Charlie Lindgren,Joseph Woll
21717,DAL,ARI,Jake Oettinger,Connor Ingram
21718,LA,MIN,David Rittich,Marc-Andre Fleury
21719,BOS,NYR,Jeremy Swayman,Jonathan Quick
21720,DET,NYI,James Reimer,Ilya Sorokin
21721,CAR,PHI,Frederik Andersen,Samuel Ersson
21722,NJ,WPG,Jake Allen,Laurent Brossoit
21723,OTT,STL,Anton Forsberg,Joel Hofer
21724,FLA,NSH,Sergei Bobrovsky,Kevin Lankinen
21725,EDM,BUF,Stuart Skinner,Ukko-Pekka Luukkonen
21726,VAN,MTL,Casey DeSmith,Sam Montembeault
21727,ANA,CHI,Lukas Dostal,Arvid Söderblom
21728,VGK,SEA,Logan Thompson,Philipp Grubauer
21729,SJ,TB,Mackenzie Blackwood,Andrei Vasilevskiy
21730,WSH,CAR,Darcy Kuemper,Pyotr Kochetkov
21731,DAL,PIT,Jake Oettinger,Tristan Jarry
21732,COL,CBJ,Alexandar Georgiev,Elvis Merzlikins
21733,ARI,SEA,Karel Vejmelka,Joey Daccord
21734,NYI,WPG,Semyon Varlamov,Connor Hellebuyck
21735,PHI,BOS,Samuel Ersson,Linus Ullmark
21736,MIN,STL,Marc-Andre Fleury,Jordan Binnington
21737,NSH,DET,Juuse Saros,Alex Lyon
21738,NJ,OTT,Jake Allen,Joonas Korpisalo
21739,TOR,EDM,Ilya Samsonov,Stuart Skinner
21740,NYR,FLA,Igor Shesterkin,Sergei Bobrovsky
21741,VAN,CGY,Casey DeSmith,Jacob Markstrom
21742,LA,TB,Cam Talbot,Andrei Vasilevskiy
21743,SJ,CHI,Devin Cooley,Petr Mrazek
21744,VGK,CBJ,Adin Hill,Daniil Tarasov
21745,WSH,WPG,Charlie Lindgren,Connor Hellebuyck
21746,COL,PIT,Alexandar Georgiev,Alex Nedeljkovic
21747,NYI,NJ,Ilya Sorokin,Kaapo Kahkonen
21748,CAR,TOR,Frederik Andersen,Joseph Woll
21749,OTT,EDM,Joonas Korpisalo,Calvin Pickard
21750,PHI,FLA,Felix Sandstrom,Anthony Stolarz
21751,ARI,DAL,Connor Ingram,Jake Oettinger
21752,ANA,TB,Lukas Dostal,Jonas Johansson
21753,CGY,BUF,Dustin Wolf,Ukko-Pekka Luukkonen
21754,SEA,MTL,Philipp Grubauer,Cayden Primeau
21755,STL,VGK,Jordan Binnington,Logan Thompson
21756,VAN,LA,Casey DeSmith,Cam Talbot
21757,NYR,PHI,Igor Shesterkin,Samuel Ersson
21758,PIT,CAR,Alex Nedeljkovic,Pyotr Kochetkov
21759,TOR,NJ,Joseph Woll,Jake Allen
21760,WSH,DET,Charlie Lindgren,Alex Lyon
21761,FLA,BOS,Sergei Bobrovsky,Jeremy Swayman
21762,NSH,VGK,Juuse Saros,Jiri Patera
21763,WPG,EDM,Connor Hellebuyck,Stuart Skinner
21764,CHI,CGY,Petr Mrazek,Jacob Markstrom
21765,COL,MTL,Justus Annunen,Sam Montembeault
21766,ARI,CBJ,Karel Vejmelka,Elvis Merzlikins
21767,SEA,ANA,Joey Daccord,John Gibson
21768,SJ,DAL,Mackenzie Blackwood,Scott Wedgewood
21769,BUF,OTT,Ukko-Pekka Luukkonen,Joonas Korpisalo
21770,TB,BOS,Andrei Vasilevskiy,Linus Ullmark
21771,CAR,DET,Frederik Andersen,James Reimer
21772,MTL,PHI,Cayden Primeau,Samuel Ersson
21773,OTT,CHI,Anton Forsberg,Petr Mrazek
21774,PIT,CBJ,Alex Nedeljkovic,Daniil Tarasov
21775,TOR,WSH,Joseph Woll,Charlie Lindgren
21776,FLA,NYI,Anthony Stolarz,Semyon Varlamov
21777,STL,CGY,Jordan Binnington,Dustin Wolf
21778,WPG,VGK,Connor Hellebuyck,Logan Thompson
21779,MIN,SJ,Filip Gustavsson,Mackenzie Blackwood
21780,EDM,LA,Stuart Skinner,Cam Talbot
21781,COL,NYR,Alexandar Georgiev,Igor Shesterkin
21782,VAN,DAL,Casey DeSmith,Jake Oettinger
21783,ARI,NSH,Connor Ingram,Juuse Saros
21784,SEA,ANA,Philipp Grubauer,Lukas Dostal
21785,BUF,NJ,Devon Levi,Jake Allen
21786,FLA,DET,Sergei Bobrovsky,Alex Lyon
21787,MIN,VGK,Filip Gustavsson,Logan Thompson
21788,EDM,ANA,Calvin Pickard,John Gibson
21789,COL,NSH,Alexandar Georgiev,Kevin Lankinen
21790,ARI,NYR,Karel Vejmelka,Jonathan Quick
21791,BUF,TOR,Ukko-Pekka Luukkonen,Ilya Samsonov
21792,MTL,CAR,Sam Montembeault,Pyotr Kochetkov
21793,PHI,CHI,Samuel Ersson,Arvid Söderblom
21794,TB,NYI,Andrei Vasilevskiy,Semyon Varlamov
21795,WSH,BOS,Charlie Lindgren,Jeremy Swayman
21796,WPG,OTT,Connor Hellebuyck,Joonas Korpisalo
21797,CBJ,PIT,Elvis Merzlikins,Alex Nedeljkovic
21798,STL,SJ,Joel Hofer,Mackenzie Blackwood
21799,CGY,LA,Jacob Markstrom,David Rittich
21800,SEA,DAL,Joey Daccord,Jake Oettinger
21801,VAN,ANA,Arturs Silovs,Lukas Dostal
21802,NYR,PIT,Igor Shesterkin,Alex Nedeljkovic
21803,PHI,NYI,Samuel Ersson,Semyon Varlamov
21804,TB,DET,Andrei Vasilevskiy,Alex Lyon
21805,TOR,FLA,Ilya Samsonov,Sergei Bobrovsky
21806,CBJ,COL,Daniil Tarasov,Justus Annunen
21807,STL,EDM,Jordan Binnington,Stuart Skinner
21808,WPG,LA,Laurent Brossoit,Cam Talbot
21809,SJ,SEA,Mackenzie Blackwood,Philipp Grubauer
21810,BUF,WSH,Ukko-Pekka Luukkonen,Charlie Lindgren
21811,MTL,FLA,Sam Montembeault,Anthony Stolarz
21812,NJ,PIT,Jake Allen,Alex Nedeljkovic
21813,NYI,CHI,Ilya Sorokin,Petr Mrazek
21814,NSH,BOS,Juuse Saros,Linus Ullmark
21815,MIN,OTT,Marc-Andre Fleury,Joonas Korpisalo
21816,CGY,ANA,Jacob Markstrom,Lukas Dostal
21817,VGK,VAN,Logan Thompson,Casey DeSmith
21818,TOR,TB,Joseph Woll,Andrei Vasilevskiy
21819,NYR,NJ,Igor Shesterkin,Kaapo Kahkonen
21820,DAL,EDM,Jake Oettinger,Calvin Pickard
21821,LA,SEA,Cam Talbot,Philipp Grubauer
21822,ARI,VAN,Connor Ingram,Arturs Silovs
21823,CAR,BOS,Frederik Andersen,Jeremy Swayman
21824,MTL,TB,Cayden Primeau,Matt Tomkins
21825,OTT,FLA,Joonas Korpisalo,Sergei Bobrovsky
21826,WSH,PIT,Charlie Lindgren,Alex Nedeljkovic
21827,CBJ,NYI,Daniil Tarasov,Ilya Sorokin
21828,NSH,STL,Juuse Saros,Jordan Binnington
21829,WPG,CGY,Connor Hellebuyck,Dustin Wolf
21830,MIN,COL,Filip Gustavsson,Justus Annunen
21831,SJ,LA,Mackenzie Blackwood,David Rittich
21832,BUF,PHI,Ukko-Pekka Luukkonen,Ivan Fedotov
21833,DET,NYR,Alex Lyon,Jonathan Quick
21834,CAR,WSH,Pyotr Kochetkov,Darcy Kuemper
21835,EDM,COL,Stuart Skinner,Alexandar Georgiev
21836,ARI,VGK,Karel Vejmelka,Logan Thompson
21837,ANA,SEA,Lukas Dostal,Philipp Grubauer
21838,PIT,TB,Alex Nedeljkovic,Andrei Vasilevskiy
21839,BOS,FLA,Linus Ullmark,Sergei Bobrovsky
21840,MIN,WPG,Marc-Andre Fleury,Connor Hellebuyck
21841,CHI,DAL,Petr Mrazek,Scott Wedgewood
21842,SJ,STL,Devin Cooley,Joel Hofer
21843,MTL,TOR,Sam Montembeault,Ilya Samsonov
21844,OTT,NJ,Anton Forsberg,Jake Allen
21845,CBJ,PHI,Jet Greaves,Samuel Ersson
21846,NYI,NSH,Semyon Varlamov,Kevin Lankinen
21847,CGY,EDM,Jacob Markstrom,Calvin Pickard
21848,LA,VAN,Cam Talbot,Casey DeSmith
21849,DET,BUF,Alex Lyon,Ukko-Pekka Luukkonen
21850,CHI,MIN,Arvid Söderblom,Jesper Wallstedt
21851,CAR,CBJ,Frederik Andersen,Malcolm Subban
21852,SJ,ARI,Mackenzie Blackwood,Connor Ingram
21853,WSH,OTT,Charlie Lindgren,Joonas Korpisalo
21854,NJ,NSH,Kaapo Kahkonen,Juuse Saros
21855,NYR,MTL,Igor Shesterkin,Cayden Primeau
21856,ANA,STL,Lukas Dostal,Jordan Binnington
21857,COL,DAL,Alexandar Georgiev,Jake Oettinger
21858,TOR,PIT,Ilya Samsonov,Alex Nedeljkovic
21859,VAN,VGK,Arturs Silovs,Logan Thompson
21860,BOS,CAR,Jeremy Swayman,Pyotr Kochetkov
21861,DET,WSH,Alex Lyon,Charlie Lindgren
21862,MTL,PHI,Sam Montembeault,Samuel Ersson
21863,NJ,TOR,Jake Allen,Joseph Woll
21864,NYI,NYR,Semyon Varlamov,Igor Shesterkin
21865,TB,CBJ,Andrei Vasilevskiy,Jet Greaves
21866,FLA,OTT,Anthony Stolarz,Joonas Korpisalo
21867,DAL,BUF,Jake Oettinger,Ukko-Pekka Luukkonen
21868,NSH,WPG,Juuse Saros,Connor Hellebuyck
21869,COL,MIN,Alexandar Georgiev,Filip Gustavsson
21870,ANA,LA,Lukas Dostal,Cam Talbot
21871,SEA,ARI,Philipp Grubauer,Karel Vejmelka
21872,SJ,CGY,Mackenzie Blackwood,Dustin Wolf
21873,STL,CHI,Joel Hofer,Petr Mrazek
21874,EDM,VGK,Stuart Skinner,Adin Hill
21875,VAN,ARI,Arturs Silovs,Connor Ingram
21876,BUF,WSH,Ukko-Pekka Luukkonen,Charlie Lindgren
21877,NYR,PHI,Jonathan Quick,Samuel Ersson
21878,PIT,DET,Alex Nedeljkovic,Alex Lyon
21879,TB,OTT,Matt Tomkins,Anton Forsberg
21880,TOR,NJ,Ilya Samsonov,Jake Allen
21881,FLA,CBJ,Sergei Bobrovsky,Jet Greaves
21882,NYI,MTL,Semyon Varlamov,Sam Montembeault
21883,DAL,WPG,Jake Oettinger,Laurent Brossoit
21884,SEA,SJ,Joey Daccord,Devin Cooley
21885,LA,CGY,Cam Talbot,Jacob Markstrom
21886,STL,CAR,Jordan Binnington,Frederik Andersen
21887,CHI,NSH,Arvid Söderblom,Kevin Lankinen
21888,EDM,ARI,Calvin Pickard,Karel Vejmelka
21889,ANA,CGY,John Gibson,Dustin Wolf
21890,VGK,MIN,Logan Thompson,Marc-Andre Fleury
21891,NYR,NYI,Igor Shesterkin,Ilya Sorokin
21892,DAL,SEA,Jake Oettinger,Philipp Grubauer
21893,COL,WPG,Alexandar Georgiev,Connor Hellebuyck
21894,PHI,NJ,Samuel Ersson,Kaapo Kahkonen
21895,FLA,BUF,Sergei Bobrovsky,Ukko-Pekka Luukkonen
21896,WSH,TB,Charlie Lindgren,Andrei Vasilevskiy
21897,OTT,MTL,Joonas Korpisalo,Cayden Primeau
21898,TOR,DET,Ilya Samsonov,James Reimer
21899,PIT,BOS,Alex Nedeljkovic,Linus Ullmark
21900,NSH,CBJ,Juuse Saros,Jet Greaves
21901,EDM,VAN,Stuart Skinner,Casey DeSmith
21902,LA,ANA,David Rittich,Lukas Dostal
21903,SJ,MIN,Mackenzie Blackwood,Jesper Wallstedt
21904,STL,SEA,Joel Hofer,Joey Daccord
21905,VGK,COL,Adin Hill,Alexandar Georgiev
21906,CHI,CAR,Petr Mrazek,Pyotr Kochetkov
21907,CGY,ARI,Dustin Wolf,Connor Ingram
21908,DET,MTL,Alex Lyon,Sam Montembeault
21909,NJ,NYI,Jake Allen,Semyon Varlamov
21910,PIT,NSH,Alex Nedeljkovic,Juuse Saros
21911,TB,BUF,Andrei Vasilevskiy,Eric Comrie
21912,WSH,BOS,Charlie Lindgren,Jeremy Swayman
21913,NYR,OTT,Igor Shesterkin,Joonas Korpisalo
21914,EDM,SJ,Stuart Skinner,Devin Cooley
21915,LA,MIN,Cam Talbot,Filip Gustavsson
21916,BOS,OTT,Linus Ullmark,Anton Forsberg
21917,MTL,DET,Cayden Primeau,James Reimer
21918,PHI,WSH,Samuel Ersson,Charlie Lindgren
21919,FLA,TOR,Anthony Stolarz,Joseph Woll
21920,CBJ,CAR,Jet Greaves,Spencer Martin
21921,WPG,SEA,Connor Hellebuyck,Philipp Grubauer
21922,VGK,CHI,Logan Thompson,Petr Mrazek
21923,VAN,CGY,Thatcher Demko,Jacob Markstrom
21924,NYI,PIT,Ilya Sorokin,Alex Nedeljkovic
21925,TB,TOR,Matt Tomkins,Martin Jones
21926,DAL,STL,Jake Oettinger,Jordan Binnington
21927,ARI,EDM,Connor Ingram,Calvin Pickard
21928,MIN,SEA,Marc-Andre Fleury,Joey Daccord
21929,WPG,VAN,Laurent Brossoit,Thatcher Demko
21930,CGY,SJ,Dustin Wolf,Devin Cooley
21931,COL,EDM,Justus Annunen,Stuart Skinner
21932,VGK,ANA,Adin Hill,Lukas Dostal
21933,LA,CHI,Cam Talbot,Arvid Söderblom
22230,BUF,CHI,Ukko-Pekka Luukkonen,Arvid Söderblom